Residue,Chain,ResNum,pKa,Side_SASA,Total_SASA,Accessible,Deprotonated,Accessibility_Score
LYS,A,708,10.78,77.3,64.3,True,False,0.5
THR,A,710,-1.0,86.5,81.4,True,n/a,n/a
LYS,A,713,10.32,70.4,57.9,True,True,1.0
LYS,A,714,10.41,74.9,75.5,True,True,1.0
LYS,A,716,10.38,70.6,58.6,True,True,1.0
SER,A,720,-1.0,82.1,122.7,True,n/a,n/a
THR,A,725,-1.0,32.5,41.6,True,n/a,n/a
TYR,A,727,10.74,26.6,21.8,True,True,1.0
LYS,A,728,10.01,49.0,38.9,True,True,1.0
LYS,A,737,10.47,102.7,95.2,True,True,1.0
LYS,A,739,9.81,62.4,61.5,True,True,1.0
LYS,A,745,11.41,40.3,32.5,True,False,0.5
LYS,A,757,10.46,91.8,85.0,True,True,1.0
TYR,A,764,9.49,65.0,56.4,True,True,1.0
HIS,A,773,4.04,18.3,14.4,True,True,1.0
THR,A,783,-1.0,54.3,44.5,True,n/a,n/a
SER,A,784,-1.0,71.4,95.7,True,n/a,n/a
THR,A,785,-1.0,61.3,48.8,True,n/a,n/a
THR,A,790,-1.0,25.4,17.8,True,n/a,n/a
CYS,A,797,10.2,28.9,22.6,True,False,0.5
HIS,A,805,6.1,34.1,27.1,True,True,1.0
LYS,A,806,10.6,64.1,54.7,True,False,0.5
LYS,A,823,10.58,32.3,28.0,True,False,0.5
TYR,A,827,9.97,22.0,18.8,True,True,1.0
LYS,A,846,10.25,43.3,35.6,True,True,1.0
THR,A,847,-1.0,57.1,40.3,True,n/a,n/a
HIS,A,850,5.67,34.5,27.2,True,True,1.0
LYS,A,852,9.64,18.8,15.4,True,True,1.0
THR,A,854,-1.0,20.6,14.4,True,n/a,n/a
LYS,A,860,9.59,38.0,31.0,True,True,1.0
LYS,A,867,10.53,98.4,86.0,True,False,0.5
TYR,A,869,10.52,27.5,24.1,True,True,1.0
HIS,A,870,6.15,79.5,73.1,True,True,1.0
LYS,A,875,10.45,109.2,96.6,True,True,1.0
LYS,A,879,9.83,23.9,20.3,True,True,1.0
HIS,A,888,6.32,67.2,59.8,True,True,1.0
THR,A,892,-1.0,18.3,12.8,True,n/a,n/a
HIS,A,893,5.05,21.5,17.0,True,True,1.0
SER,A,912,-1.0,51.3,37.6,True,n/a,n/a
LYS,A,913,10.45,72.4,59.9,True,True,1.0
SER,A,921,-1.0,94.3,84.0,True,n/a,n/a
SER,A,924,-1.0,33.6,21.4,True,n/a,n/a
SER,A,925,-1.0,71.6,45.7,True,n/a,n/a
LYS,A,929,10.49,84.4,87.0,True,True,1.0
THR,A,940,-1.0,23.0,21.8,True,n/a,n/a
TYR,A,944,11.05,23.9,19.7,True,False,0.5
LYS,A,949,10.5,56.4,44.9,True,False,0.5
SER,A,957,-1.0,45.9,50.0,True,n/a,n/a
LYS,A,960,10.41,37.2,29.6,True,True,1.0
SER,A,969,-1.0,17.8,12.9,True,n/a,n/a
LYS,A,970,10.64,48.9,41.3,True,False,0.5
TYR,A,978,10.33,17.8,14.6,True,True,1.0
HIS,A,988,6.21,80.8,70.2,True,True,1.0
SER,A,991,-1.0,72.6,56.6,True,n/a,n/a
THR,A,993,-1.0,31.4,27.1,True,n/a,n/a
TYR,A,998,10.46,50.7,42.9,True,True,1.0
TYR,A1016,184.83,-1.0,68.18,116.65,True,n/a,n/a
