name,protein pdb,LigID,top n types,Residue,ResNum,Chain
1BMQ-MNO,1BMQ,MNO,3,Cys,285,A
1ME3-P10,1ME3,P10,3,Cys,25,A
1NQC-C4P,1NQC,C4P,3,Cys,25,A
1Q6K-TCO,1Q6K,TCO,3,Cys,25,A
1RE1-NA3,1RE1,NA3,3,Cys,285,A
1RHM-NA4,1RHM,NA4,3,Cys,285,A
1RWN-4QB,1RWN,4QB,3,Cys,285,A
1RWP-HQC,1RWP,HQC,3,Cys,285,A
1RWX-YBH,1RWX,YBH,3,Cys,285,A
2AUX-CT1,2AUX,CT1,3,Cys,25,A
2AUZ-CT2,2AUZ,CT2,3,Cys,25,A
2G8E-0M6,2G8E,0M6,3,Cys,115,A
2GX4-NOL,2GX4,NOL,3,Cys,145,A
2OP3-TF5,2OP3,TF5,3,Cys,25,A
3OF8-I0Y,3OF8,I0Y,3,Cys,26,A
3OVX-O64,3OVX,O64,3,Cys,25,A
3SN8-S89,3SN8,S89,3,Cys,145,A
4DCD-K36,4DCD,K36,3,Cys,147,A
4TWY-3BL,4TWY,3BL,3,Cys,145,A
5C1U-GHV,5C1U,GHV,3,Cys,147,A
5C1X-GHX,5C1X,GHX,3,Cys,147,A
5C1Y-GHY,5C1Y,GHY,3,Cys,147,A
5DGJ-V64,5DGJ,V64,3,Cys,139,A
5TG2-V69,5TG2,V69,3,Cys,139,A
1AU3-PCM,1AU3,PCM,3,Cys,25,A
1AU4-INP,1AU4,INP,3,Cys,25,A
1BGO-I10,1BGO,I10,3,Cys,25,A
1NLJ-2CA,1NLJ,2CA,3,Cys,25,A
1RHJ-PZN,1RHJ,PZN,3,Cys,285,A
1TU6-FSP,1TU6,FSP,3,Cys,139,A
1YT7-3FC,1YT7,3FC,3,Cys,25,A
2BDL-4PR,2BDL,4PR,3,Cys,25,A
2R9F-K2Z,2R9F,K2Z,3,Cys,115,A
2XM7-34H,2XM7,34H,3,Cys,215,A
3H0E-H0E,3H0E,H0E,3,Cys,163,A
4L1O-1VL,4L1O,1VL,3,Cys,243,A
1MS6-BLN,1MS6,BLN,3,Cys,25,A
1U9V-IHE,1U9V,IHE,3,Cys,25,A
1U9W-IHI,1U9W,IHI,3,Cys,25,A
1YK7-NBL,1YK7,NBL,3,Cys,25,A
2F7D-NOQ,2F7D,NOQ,3,Cys,25,A
2FQ9-CRJ,2FQ9,CRJ,3,Cys,25,A
2FRA-CRV,2FRA,CRV,3,Cys,25,A
2FRQ-C71,2FRQ,C71,3,Cys,25,A
2FT2-C28,2FT2,C28,3,Cys,25,A
2R6N-CKE,2R6N,CKE,3,Cys,25,A
2XU1-424,2XU1,424,3,Cys,25,A
2XU4-DJT,2XU4,DJT,3,Cys,25,A
2XU5-XU5,2XU5,XU5,3,Cys,25,A
2YJ2-YJ2,2YJ2,YJ2,3,Cys,25,A
2YJ8-YJ8,2YJ8,YJ8,3,Cys,25,A
2YJ9-YJ9,2YJ9,YJ9,3,Cys,25,A
3HHA-NOW,3HHA,NOW,3,Cys,25,A
3HWN-BD3,3HWN,BD3,3,Cys,25,A
3I06-QL2,3I06,QL2,3,Cys,25,A
3KW9-ORG,3KW9,ORG,3,Cys,25,A
3KWB-ORH,3KWB,ORH,3,Cys,1025,X
3KWZ-KWZ,3KWZ,KWZ,3,Cys,25,A
3N3G-935,3N3G,935,3,Cys,25,B
3N4C-EF3,3N4C,EF3,3,Cys,25,A
3O1G-O75,3O1G,O75,3,Cys,25,A
4BPV-OFH,4BPV,OFH,3,Cys,147,A
4BQV-8PW,4BQV,8PW,3,Cys,147,A
4BS5-MG2,4BS5,MG2,3,Cys,147,A
4BS6-JG7,4BS6,JG7,3,Cys,147,A
4BSQ-QQV,4BSQ,QQV,3,Cys,147,A
4CDC-6AO,4CDC,6AO,3,Cys,234,B
4CDD-GDI,4CDD,GDI,3,Cys,234,B
4CDE-U6B,4CDE,U6B,3,Cys,234,B
4CDF-W2C,4CDF,W2C,3,Cys,234,B
4DMX-0LB,4DMX,0LB,3,Cys,25,A
4DMY-0LC,4DMY,0LC,3,Cys,25,A
4MZO-2EW,4MZO,2EW,3,Cys,147,A
4MZS-2EV,4MZS,2EV,3,Cys,147,A
4PIQ-3FS,4PIQ,3FS,3,Cys,122,A
4PIS-3FU,4PIS,3FU,3,Cys,122,A
4WX4-3VF,4WX4,3VF,3,Cys,122,A
4WX7-3VJ,4WX7,3VJ,3,Cys,122,A
4X6J-3Y2,4X6J,3Y2,3,Cys,25,A
5F02-5T9,5F02,5T9,3,Cys,25,A
5MAJ-7KH,5MAJ,7KH,3,Cys,25,A
5MQY-GH4,5MQY,GH4,3,Cys,25,A
5TDI-7AS,5TDI,7AS,3,Cys,25,A
1F4C-TP2,1F4C,TP2,3,Cys,146,A
2IJN-221,2IJN,221,3,Cys,366,A
4LUC-20G,4LUC,20G,3,Cys,12,A
4LV6-20H,4LV6,20H,3,Cys,12,A
4PE1-DCD,4PE1,DCD,3,Cys,84,A
1EWO-VSC,1EWO,VSC,3,Cys,25,A
1F29-VS1,1F29,VS1,3,Cys,25,A
1F2A-VS2,1F2A,VS2,3,Cys,25,A
1F2B-VS3,1F2B,VS3,3,Cys,25,A
1F2C-VS4,1F2C,VS4,3,Cys,25,A
1M6D-MYP,1M6D,MYP,3,Cys,25,A
1MEM-0D6,1MEM,0D6,3,Cys,25,A
1NPZ-C1P,1NPZ,C1P,3,Cys,25,A
2ALV-CY6,2ALV,CY6,3,Cys,145,A
2AMD-9IN,2AMD,9IN,3,Cys,145,A
2AWZ-5H,2AWZ,5H,3,Cys,366,A
2AX0-5X,2AX0,5X,3,Cys,366,A
2AX1-5EE,2AX1,5EE,3,Cys,366,A
2FYE-BCQ,2FYE,BCQ,3,Cys,25,A
2G6D-MQQ,2G6D,MQQ,3,Cys,25,A
2GH5-ELI,2GH5,ELI,3,Cys,58,A
2HWO-RBS,2HWO,RBS,3,Cys,345,A
2ZU5-ZU5,2ZU5,ZU5,3,Cys,145,A
3BLT-PSY,3BLT,PSY,3,Cys,403,A
3BLU-PVS,3BLU,PVS,3,Cys,403,A
3C9W-HMY,3C9W,HMY,3,Cys,164,A
3HD3-25B,3HD3,25B,3,Cys,25,A
3O6T-PX5,3O6T,PX5,3,Cys,37,A
3SVV-VSP,3SVV,VSP,3,Cys,338,A
3SZ9-I3E,3SZ9,I3E,3,Cys,302,A
3SZB-I1E,3SZB,I1E,3,Cys,243,A
3T9T-IAQ,3T9T,IAQ,3,Cys,442,A
3V4J-PQR,3V4J,PQR,3,Cys,308,A
3W2P-W2P,3W2P,W2P,3,Cys,797,A
3ZV9-G74,3ZV9,G74,3,Cys,147,A
3ZVG-G86,3ZVG,G86,3,Cys,147,A
4D9U-0JH,4D9U,0JH,3,Cys,436,A
4GMX-K85,4GMX,K85,3,Cys,539,C
4GS6-1FM,4GS6,1FM,3,Cys,174,A
4HCU-13L,4HCU,13L,3,Cys,442,A
4HCV-13J,4HCV,13J,3,Cys,442,A
4I24-1C9,4I24,1C9,3,Cys,797,A
4LYF-21C,4LYF,21C,3,Cys,12,B
4LYH-21F,4LYH,21F,3,Cys,12,B
4M1O-21J,4M1O,21J,3,Cys,12,B
4M1S-21K,4M1S,21K,3,Cys,12,B
4M1T-21M,4M1T,21M,3,Cys,12,B
4M1W-21R,4M1W,21R,3,Cys,12,B
4M1Y-21S,4M1Y,21S,3,Cys,12,B
4M22-22C,4M22,22C,3,Cys,12,B
4PE0-NQS,4PE0,NQS,3,Cys,84,X
4PE4-REV,4PE4,REV,3,Cys,84,X
4PNC-7NP,4PNC,7NP,3,Cys,59,A
4QPS-37Q,4QPS,37Q,3,Cys,909,A
4US2-L7S,4US2,L7S,3,Cys,118,R
4WVF-K76,4WVF,K76,3,Cys,539,C
4XCU-40M,4XCU,40M,3,Cys,552,A
4YHF-4C9,4YHF,4C9,3,Cys,481,A
4YRT-781,4YRT,781,3,Cys,365,A
4ZZM-CQ6,4ZZM,CQ6,3,Cys,166,A
4ZZO-CQ3,4ZZO,CQ3,3,Cys,166,A
5C91-4YU,5C91,4YU,3,Cys,627,A
5DAF-58E,5DAF,58E,3,Cys,151,A
5DP4-5E8,5DP4,5.00E+08,3,Cys,147,A
5DP5-5E9,5DP5,5.00E+09,3,Cys,147,A
5DP7-5EC,5DP7,5EC,3,Cys,147,A
5DP8-5ED,5DP8,5ED,3,Cys,147,A
5DP9-5EX,5DP9,5EX,3,Cys,147,A
5DPA-5F2,5DPA,5F2,3,Cys,147,A
5F2E-5UT,5F2E,5UT,3,Cys,12,A
5FX6-6OY,5FX6,6OY,3,Cys,147,A
5GIT-XXT,5GIT,XXT,3,Cys,151,A
5GNK-80U,5GNK,80U,3,Cys,797,A
5HG5-633,5HG5,633,3,Cys,797,A
5HG7-630,5HG7,630,3,Cys,797,A
5HG8-634,5HG8,634,3,Cys,797,A
5HG9-63A,5HG9,63A,3,Cys,797,A
5HZE-E62,5HZE,E62,3,Cys,207,A
5IYT-NZN,5IYT,NZN,3,Cys,147,B
5J7S-6H3,5J7S,6H3,3,Cys,174,A
5J87-N42,5J87,N42,3,Cys,481,A
5J9Z-6HJ,5J9Z,6HJ,3,Cys,797,A
5JH6-T92,5JH6,T92,3,Cys,174,A
5JK3-6L4,5JK3,6L4,3,Cys,174,A
5LCK-6TT,5LCK,6TT,3,Cys,166,A
5LWN-79S,5LWN,79S,3,Cys,909,A
5O8U-9O5,5O8U,9O5,3,Cys,252,A
5O8V-9O2,5O8V,9O2,3,Cys,251,A
5P9J-8E8,5P9J,8.00E+08,3,Cys,481,A
5P9K-7G8,5P9K,7G8,3,Cys,481,A
5P9M-7GB,5P9M,7GB,3,Cys,481,A
5TOZ-7H4,5TOZ,7H4,3,Cys,909,A
5TTS-7KU,5TTS,7KU,3,Cys,909,A
5TTU-7KV,5TTU,7KV,3,Cys,909,A
5TTV-7KX,5TTV,7KX,3,Cys,909,A
5UG8-8BP,5UG8,8BP,3,Cys,797,A
5UGC-8BS,5UGC,8BS,3,Cys,797,A
5V6S-8YD,5V6S,8YD,3,Cys,12,A
5V88-8ZD,5V88,8ZD,3,Cys,1115,A
1AIM-ZYA,1AIM,ZYA,3,Cys,25,A
1EWP-0I5,1EWP,0I5,3,Cys,25,A
1THE-0E6,1THE,0.00E+00,3,Cys,29,A
2AIM-ZRA,2AIM,ZRA,3,Cys,25,A
2DW5-BFB,2DW5,BFB,3,Cys,645,A
2HXZ-H7J,2HXZ,H7J,3,Cys,25,A
2XYG-TQ8,2XYG,TQ8,3,Cys,163,A
2XYP-XVE,2XYP,XVE,3,Cys,163,A
3B0R-GW9,3B0R,GW9,3,Cys,285,A
3B1U-YFF,3B1U,YFF,3,Cys,645,A
3RHY-HM3,3RHY,HM3,3,Cys,249,A
4MZ4-2F3,4MZ4,2F3,3,Cys,366,A
4THI-PYD,4THI,PYD,3,Cys,113,A
5E7R-5KW,5E7R,5KW,3,Cys,174,A
5L6P-6P8,5L6P,6P8,3,Cys,717,A
5MJB-7O3,5MJB,7O3,3,Cys,703,A
5N0Y-8FQ,5N0Y,8FQ,3,Cys,645,A
5V6V-8YA,5V6V,8YA,3,Cys,12,A
1CVZ-C48,1CVZ,C48,3,Cys,25,A
1EWL-R99,1EWL,R99,3,Cys,25,A
1EWM-RL2,1EWM,RL2,3,Cys,25,A
2CNO-M60,2CNO,M60,3,Cys,163,A
2DCC-77B,2DCC,77B,3,Cys,29,A
2OP9-WR1,2OP9,WR1,3,Cys,145,B
5EZS-E6D,5EZS,E6D,3,Cys,477,A
