name,protein pdb,electrophile_smiles,LigID,top n types,Residue,ResNum,Chain
1BMQ-MNO,1BMQ,,MNO,3,Cys,285,A
1ME3-P10,1ME3,O=CC(=O)[C@@]([H])(N([H])C(=O)[C@@]([H])(N([H])C(=O)OC([H])([H])c1c([H])nc([H])c([H])c1[H])C([H])([H])c1c([H])c([H])c([H])c([H])c1[H])C([H])([H])C([H])([H])c1c([H])c([H])c([H])c([H])c1[H],,3,Cys,25,A
1NQC-C4P,1NQC,,C4P,3,Cys,25,A
1Q6K-TCO,1Q6K,,TCO,3,Cys,25,A
1RE1-NA3,1RE1,,NA3,3,Cys,285,A
1RHM-NA4,1RHM,,NA4,3,Cys,285,A
1RWN-4QB,1RWN,,4QB,3,Cys,285,A
1RWP-HQC,1RWP,,HQC,3,Cys,285,A
1RWX-YBH,1RWX,,YBH,3,Cys,285,A
2AUX-CT1,2AUX,,CT1,3,Cys,25,A
2AUZ-CT2,2AUZ,,CT2,3,Cys,25,A
2G8E-0M6,2G8E,S=C(Nc1ccccc1)N[C@@H](C(=O)N[C@H](C=O)CCO)CC(C)C,,3,Cys,115,A
2GX4-NOL,2GX4,O=C[C@@H](NC(=O)[C@@H](CC(=O)N)NC(=O)[C@@H](CC1=CC=CC=C1)NC(=O)OCC1=CC=CC=C1)[C@@H]1CCNC1=O,,3,Cys,145,A
2OP3-TF5,2OP3,O=CCOc1ccccc1-c1ccc(F)c(F)c1F,,3,Cys,25,A
3OF8-I0Y,3OF8,O=CC(=O)[C@@H](N([H])C(=O)[C@@H](N([H])C(=O)OCC1=CC=CC=C1)Cc1ccccc1)Cc1ccc(OC(C)(C)C)cc1,,3,Cys,26,A
3OVX-O64,3OVX,,O64,3,Cys,25,A
3SN8-S89,3SN8,O=C([H])[C@@]([H])(N([H])C(=O)[C@@]([H])(N([H])C(=O)/C([H])=C(\[H])c1c([H])c([H])c([H])c([H])c1[H])C([H])([H])c1c([H])c([H])c([H])c([H])c1[H])C([H])([H])c1c([H])c([H])c([H])c([H])c1[H],,3,Cys,145,A
4DCD-K36,4DCD,O=C[C@@H](NC(=O)[C@@H](NC(=O)OCc1ccccc1)CC(C)C),,3,Cys,147,A
4TWY-3BL,4TWY,,3BL,3,Cys,145,A
5C1U-GHV,5C1U,,GHV,3,Cys,147,A
5C1X-GHX,5C1X,O=CC1CCN(C(=O)[C@@H](CC(=O)N2CCC[C@@H]2C(=O)N[C@@H](Cc2ccccc2)C(=O)O)NC(=O)[C@@H](CC(C)C)NC(=O)[C@@H](N)Cc2ccccc2)C1,,3,Cys,147,A
5C1Y-GHY,5C1Y,,GHY,3,Cys,147,A
5DGJ-V64,5DGJ,O=C[C@@]1([H])CC(=O)N[C@@H](CC2=CC=CC=C2)C(=O)N[C@@H](CC(=O)N1)CC3=CC=CC=C3,,3,Cys,139,A
5TG2-V69,5TG2,,V69,3,Cys,139,A
1AU3-PCM,1AU3,,PCM,3,Cys,25,A
1AU4-INP,1AU4,,INP,3,Cys,25,A
1BGO-I10,1BGO,O=C(CNC(=O)[C@@H](c1ccc(-c2ccccc2)cc1)CC(C)C)CNS(=O)(=O)c1ncccc1,,3,Cys,25,A
1NLJ-2CA,1NLJ,,2CA,3,Cys,25,A
1RHJ-PZN,1RHJ,,PZN,3,Cys,285,A
1TU6-FSP,1TU6,,FSP,3,Cys,139,A
1YT7-3FC,1YT7,,3FC,3,Cys,25,A
2BDL-4PR,2BDL,O=C(C(=O)N([H])[C@@H](c1ccccc1)C)[C@@H](N([H])C(=O)OC(C)(C)C)CC(C)C,,3,Cys,25,A
2R9F-K2Z,2R9F,,K2Z,3,Cys,115,A
2XM7-34H,2XM7,[H]OC(=O)C(=O)C([H])([H])c1c([H])c([H])c(O[H])c([H])c1[H],,3,Cys,215,A
3H0E-H0E,3H0E,O=C1c2cc(S(=O)(=O)N3CCC[C@@H]3COc3ccccc3)ccc2N2CC(C)(C)CN=C21,,3,Cys,163,A
4L1O-1VL,4L1O,O=C1C(=O)N(CC2CCN(Cc3ccc4c(c3)OCO4)CC2)c2ccccc21,,3,Cys,243,A
1MS6-BLN,1MS6,[H]c1c([H])c([H])c(C([H])([H])OC([H])([H])[C@@]([H])(C=C)N([H])C(=O)[C@@]([H])(N([H])C(=O)N2C([H])([H])C([H])([H])OC([H])([H])C2([H])[H])C([H])([H])C([H])(C([H])([H])[H])C([H])([H])[H])c([H])c1[H],,3,Cys,25,A
1U9V-IHE,1U9V,,IHE,3,Cys,25,A
1U9W-IHI,1U9W,,IHI,3,Cys,25,A
1YK7-NBL,1YK7,,NBL,3,Cys,25,A
2F7D-NOQ,2F7D,O=S(=O)(c1ccc(OC)cc1)CC2C(C(=O)NCC#N)CCCC2,,3,Cys,25,A
2FQ9-CRJ,2FQ9,,CRJ,3,Cys,25,A
2FRA-CRV,2FRA,O=C(NC1(C#N)CC1)C(NC(c2ccc(O)cc2)C(F)(F)F)CS(=O)(=O)Cc3ccccc3,,3,Cys,25,A
2FRQ-C71,2FRQ,N#C[C@@H](CC1CCCCC1)NC(=O)[C@@H](CC(=O)O)NC(=O)c1ccccc1,,3,Cys,25,A
2FT2-C28,2FT2,,C28,3,Cys,25,A
2R6N-CKE,2R6N,[H]c1c([H])c(C([H])([H])c2c([H])c3c([H])nc(C([H])([H])C#N)nc3n2C2([H])C([H])([H])C([H])([H])C([H])([H])C([H])([H])C2([H])[H])c([H])c([H])c1N1C([H])([H])C([H])([H])N(C([H])([H])[H])C([H])([H])C1([H])[H],,3,Cys,25,A
2XU1-424,2XU1,N#CC1(N([H])C(=O)[C@@]2([H])N(C(=O)C3(c4c([H])c([H])c(Cl)c([H])c4[H])C([H])([H])C3([H])[H])C([H])([H])[C@]([H])(S(=O)(=O)c3c([H])c([H])c([H])c([H])c3Cl)C2([H])[H])C([H])([H])C1([H])[H],,3,Cys,25,A
2XU4-DJT,2XU4,N#CC1(N([H])C(=O)[C@@]2([H])N(C(=O)C3(c4c([H])c([H])c(F)c([H])c4[H])C([H])([H])C3([H])[H])C([H])([H])[C@]([H])(S(=O)(=O)c3c([H])c([H])c([H])c([H])c3Cl)C2([H])[H])C([H])([H])C1([H])[H],,3,Cys,25,A
2XU5-XU5,2XU5,N#CC1(N([H])C(=O)[C@@]2([H])N(C(=O)C3(c4c([H])c([H])c(C([H])([H])[H])c([H])c4[H])C([H])([H])C3([H])[H])C([H])([H])[C@]([H])(S(=O)(=O)c3c([H])c([H])c([H])c([H])c3Cl)C2([H])[H])C([H])([H])C1([H])[H],,3,Cys,25,A
2YJ2-YJ2,2YJ2,N#CC1(N([H])C(=O)[C@@]2([H])N(C(=O)C3(c4c([H])c([H])c(Br)c([H])c4[H])C([H])([H])C3([H])[H])C([H])([H])[C@]([H])(S(=O)(=O)c3c([H])c([H])c([H])c([H])c3Cl)C2([H])[H])C([H])([H])C1([H])[H],,3,Cys,25,A
2YJ8-YJ8,2YJ8,N#CC1(N([H])C(=O)[C@@]2([H])N(C(=O)C3(c4c([H])c([H])c(I)c([H])c4[H])C([H])([H])C3([H])[H])C([H])([H])[C@]([H])(S(=O)(=O)c3c([H])c([H])c([H])c([H])c3Cl)C2([H])[H])C([H])([H])C1([H])[H],,3,Cys,25,A
2YJ9-YJ9,2YJ9,N#CC1(N([H])C(=O)[C@@]2([H])N(C(=O)C3(c4c([H])c([H])c(C(F)(F)F)c([H])c4[H])C([H])([H])C3([H])[H])C([H])([H])[C@]([H])(S(=O)(=O)c3c([H])c([H])c([H])c([H])c3Cl)C2([H])[H])C([H])([H])C1([H])[H],,3,Cys,25,A
3HHA-NOW,3HHA,N#CC([H])([H])N([H])C(=O)[C@@]([H])(N([H])C(=O)c1c([H])c(C(C([H])([H])[H])(C([H])([H])[H])C([H])([H])[H])nn1C([H])([H])[H])C([H])([H])c1c([H])c([H])c([H])c(C([H])([H])[H])c1[H],,3,Cys,25,A
3HWN-BD3,3HWN,[H]/N=C(/[H])c1nnc(-c2c([H])c([H])c([H])c(C([H])([H])[C@@]([H])(C(=O)N([H])C([H])([H])C#N)N([H])C(=O)c3c([H])c(C(C([H])([H])[H])(C([H])([H])[H])C([H])([H])[H])nn3C([H])([H])[H])c2[H])o1,,3,Cys,25,A
3I06-QL2,3I06,,QL2,3,Cys,25,A
3KW9-ORG,3KW9,,ORG,3,Cys,25,A
3KWB-ORH,3KWB,,ORH,3,Cys,1025,X
3KWZ-KWZ,3KWZ,,KWZ,3,Cys,25,A
3N3G-935,3N3G,N#Cc1nc(-c2c([H])c([H])c(OC([H])([H])C([H])([H])C([H])([H])N3C([H])([H])C([H])([H])N(C([H])([H])[H])C([H])([H])C3([H])[H])c(C(F)(F)F)c2[H])c([H])c([H])c1[H],,3,Cys,25,B
3N4C-EF3,3N4C,N#Cc1nc(-c2cc(OC([H])([H])C([H])([H])C([H])([H])N3C([H])([H])C([H])([H])N(C([H])([H])[H])C([H])([H])C3([H])[H])c(C(F)(F)F)c([H])c2[H])c([H])c2c1nc([H])n2C([H])([H])[H],,3,Cys,25,A
3O1G-O75,3O1G,,O75,3,Cys,25,A
4BPV-OFH,4BPV,,OFH,3,Cys,147,A
4BQV-8PW,4BQV,N#CC1(N([H])C(=O)[C@@]2([H])N(C(=O)C3(C([H])([H])[H])C([H])([H])C3([H])[H])C([H])([H])[C@]([H])(S(=O)(=O)c3c([H])c([H])c(OC([H])([H])C(F)(F)F)c([H])c3C(F)(F)F)C2([H])[H])C([H])([H])C1([H])[H],,3,Cys,147,A
4BS5-MG2,4BS5,N#CC1(N([H])C(=O)[C@@]2([H])N([H])C([H])([H])[C@]([H])(S(=O)(=O)c3c([H])c([H])c([H])c([H])c3C(F)(F)F)C2([H])[H])C([H])([H])C1([H])[H],,3,Cys,147,A
4BS6-JG7,4BS6,N#CC1(N([H])C(=O)[C@@]2([H])N(C(=O)C3(C(F)(F)F)C([H])([H])C3([H])[H])C([H])([H])[C@]([H])(S(=O)(=O)c3c([H])c([H])c(N4C([H])([H])C([H])([H])N(C([H])([H])C([H])([H])[H])C([H])([H])C4([H])[H])c([H])c3)C2([H])[H])C([H])([H])C1([H])[H],,3,Cys,147,A
4BSQ-QQV,4BSQ,N#CC([H])([H])N([H])C(=O)[C@]1([H])C([H])([H])[C@@]([H])(S(=O)(=O)c2c([H])c([H])c([H])c([H])c2[H])C([H])([H])[C@@]1([H])C(=O)N1C([H])([H])C([H])([H])OC([H])([H])C1([H])[H],,3,Cys,147,A
4CDC-6AO,4CDC,N#C[C@@H](NC(=O)[C@@H](N)CCC)Cc1ccc(-c2ccccc2)cc1,,3,Cys,234,B
4CDD-GDI,4CDD,N#C[C@@H](NC(=O)[C@@H]1CCCCN1C(=O)c1ccc(-c2ccccc2C#N)cc1),,3,Cys,234,B
4CDE-U6B,4CDE,N#C[C@@H](N([H])C(=O)[C@@H](CC1=CC=CC=C1)NC(=O)OC(C)(C)C)C1=CC=C(C2=CC=CC=C2C#N)C=C1,,3,Cys,234,B
4CDF-W2C,4CDF,N#C[C@@H](N)Cc1ccc(Oc2ccccc2)cc1,,3,Cys,234,B
4DMX-0LB,4DMX,,0LB,3,Cys,25,A
4DMY-0LC,4DMY,[H]c1c(F)c([H])c2c3c(n([H])c2c1[H])C([H])([H])C([H])([H])N(C(=O)[C@]1([H])C([H])([H])C([H])([H])C([H])([H])C([H])([H])[C@@]1([H])C(=O)N([H])/C(=C\[H])C#N)C3([H])[H],,3,Cys,25,A
4MZO-2EW,4MZO,N#CC([H])([H])N([H])C(=O)[C@]1([H])C([H])([H])N(S(=O)(=O)c2c([H])c([H])c([H])c([H])c2[H])C([H])([H])[C@@]1([H])C(=O)N1C([H])([H])C([H])([H])OC([H])([H])C1([H])[H],,3,Cys,147,A
4MZS-2EV,4MZS,N#CC([H])([H])N([H])C(=O)[C@]1([H])C([H])([H])N(S(=O)(=O)c2c([H])c([H])c([H])c([H])c2Cl)C([H])([H])[C@@]1([H])C(=O)N1C([H])([H])C([H])([H])OC([H])([H])C1([H])[H],,3,Cys,147,A
4PIQ-3FS,4PIQ,N#CC([H])([H])N([H])C(=O)C([H])([H])N([H])C(=O)[C@@]([H])(N([H])C(=O)C([H])([H])c1c([H])c(Cl)c([H])c(Cl)c1[H])[C@]([H])(O[H])C([H])([H])[H],,3,Cys,122,A
4PIS-3FU,4PIS,N#Cc1nc([H])c([H])c(C([H])([H])N([H])C(=O)[C@@]([H])(N([H])C(=O)[C@@]([H])(c2c([H])c(Cl)c([H])c(Cl)c2[H])N(C([H])([H])[H])C([H])([H])[H])[C@@]([H])(C([H])([H])[H])C([H])([H])C([H])([H])[H])n1,,3,Cys,122,A
4WX4-3VF,4WX4,,3VF,3,Cys,122,A
4WX7-3VJ,4WX7,N#CC([H])([H])N([H])C(=O)C([H])([H])N([H])C(=O)c1c([H])c([H])c(OC([H])([H])[H])c(C(=O)C(c2c([H])c(Cl)c([H])c(Cl)c2[H])(C([H])([H])[H])C([H])([H])[H])c1[H],,3,Cys,122,A
4X6J-3Y2,4X6J,N#CC([H])([H])N([H])C(=O)C1(N([H])C(=O)c2c([H])c([H])c(Cl)c([H])c2N([H])[H])C([H])([H])C([H])([H])C([H])([H])C([H])([H])C1([H])[H],,3,Cys,25,A
5F02-5T9,5F02,,5T9,3,Cys,25,A
5MAJ-7KH,5MAJ,,7KH,3,Cys,25,A
5MQY-GH4,5MQY,N#Cc1nc([H])c(F)c(N(C([H])([H])c2c([H])c([H])c3c(c2[H])OC([H])([H])O3)C([H])([H])C([H])([H])Oc2c([H])c([H])c([H])c([H])c2[H])n1,,3,Cys,25,A
5TDI-7AS,5TDI,N#CC1(N([H])C(=O)[C@@]([H])(N([H])[C@@]([H])(c2c([H])c([H])c(-c3c([H])c([H])c(S(=O)(=O)C([H])([H])[H])c([H])c3[H])c([H])c2[H])C(F)(F)F)C([H])([H])C(F)(C([H])([H])[H])C([H])([H])[H])C([H])([H])C1([H])[H],,3,Cys,25,A
1F4C-TP2,1F4C,NCCSSC([H])([H])C([H])([H])N([H])C(=O)[C@]1([H])N(S(=O)(=O)c2c([H])c([H])c(C([H])([H])[H])c([H])c2[H])C([H])([H])C([H])([H])C1([H])[H],,3,Cys,146,A
2IJN-221,2IJN,[H]SSC([H])(N([H])c1c([H])c(C(F)(F)F)c([H])c(C(F)(F)F)c1[H])[C@@]([H])(C#N)C(=O)N([H])[H],,3,Cys,366,A
4LUC-20G,4LUC,SSc1ccccn1,,3,Cys,12,A
4LV6-20H,4LV6,SSCc1ccccn1.[H]SC([H])([H])C([H])([H])N([H])C(=O)C1([H])C([H])([H])C([H])([H])N(C(=O)C([H])([H])Oc2c([H])c([H])c(Cl)c([H])c2Cl)C([H])([H])C1([H])[H],,3,Cys,12,A
4PE1-DCD,4PE1,[H]SSC(=S)N(C([H])([H])C([H])([H])[H])C([H])([H])C([H])([H])[H],,3,Cys,84,A
1EWO-VSC,1EWO,O=S(=O)(C=C)CCC(NC(=O)C(NC(=O)OCc2ccccc2)Cc3ccccc3)CCc4ccccc4,,3,Cys,25,A
1F29-VS1,1F29,O=C(N[C@@H](CCC=CS(=O)(=O)c1ccccc1)C(=O)O)c1ccc(F)cc1,,3,Cys,25,A
1F2A-VS2,1F2A,[H]c1c([H])c([H])c(C([H])([H])OC(=O)N([H])[C@]([H])(C(=O)N([H])[C@@]([H])(C([H])([H])C([H])([H])c2c([H])c([H])c([H])c([H])c2[H])C([H])([H])C([H])([H])S(=O)(=O)C([H])=C([H])[H])C([H])([H])c2c([H])c([H])c([H])c([H])c2[H])c([H])c1[H],,3,Cys,25,A
1F2B-VS3,1F2B,O=S(=O)(C=C)CCC(NC(=O)C(NC(=O)OCc2ccccc2)Cc3ccccc3)CCc4ccccc4,,3,Cys,25,A
1F2C-VS4,1F2C,O=C(N1CCN(C)CC1)NC(C(=O)NC(CCS(=O)(=O)C=C)CCc3ccccc3)Cc4ccccc4,,3,Cys,25,A
1M6D-MYP,1M6D,,MYP,3,Cys,25,A
1MEM-0D6,1MEM,C(=C/c1ccccc1)\C(=O)N[C@@H](CC=CS(=O)(=O)c1ccccc1)C(=O)O,,3,Cys,25,A
1NPZ-C1P,1NPZ,C(=CC(=O)c1ccccc1)/C=C/S(=O)(=O)c1ccccc1,,3,Cys,25,A
2ALV-CY6,2ALV,,CY6,3,Cys,145,A
2AMD-9IN,2AMD,,9IN,3,Cys,145,A
2AWZ-5H,2AWZ,O=S(=O)(NN1C(=O)C(SC1=S)=Cc2ccc(Br)cc2)c3ccccc3,,3,Cys,366,A
2AX0-5X,2AX0,O=S(=O)(NN1C(=O)C(SC1=S)=CC(=C\c2ccccc2)\C)c3ccccc3,,3,Cys,366,A
2AX1-5EE,2AX1,N2C(=O)/C(=C\c3ccccc3)SC2=S,,3,Cys,366,A
2FYE-BCQ,2FYE,C[C@H]1ONC(C)=C1CS(=O)(=O)C[C@H](NC(=O)N2CCOCC2)C(=O)N[C@@H](CCc3ccccc3)/C=C/S(=O)(=O)c4ccccc4,,3,Cys,25,A
2G6D-MQQ,2G6D,O=C(N[C@@H](CC=CS(=O)(=O)c1ccccc1)C(=O)N1CCOCC1)c1ccccc1,,3,Cys,25,A
2GH5-ELI,2GH5,O=C2c1c(cccc1)C(O)=C(C2=C)CCCCCC(=O)O,,3,Cys,58,A
2HWO-RBS,2HWO,,RBS,3,Cys,345,A
2ZU5-ZU5,2ZU5,,ZU5,3,Cys,145,A
3BLT-PSY,3BLT,,PSY,3,Cys,403,A
3BLU-PVS,3BLU,,PVS,3,Cys,403,A
3C9W-HMY,3C9W,,HMY,3,Cys,164,A
3HD3-25B,3HD3,C(=C/c1ccccc1S(=O)(=O))\[C@@H](NC(=O)C1CCCCC1=O)c1ccc(Cl)cc1,,3,Cys,25,A
3O6T-PX5,3O6T,,PX5,3,Cys,37,A
3SVV-VSP,3SVV,O=S(=O)(Nc1cccc(c1)Cc3nn(c2ncnc(c23)N)C(C)C)C=C,,3,Cys,338,A
3SZ9-I3E,3SZ9,CCCc1ccc(C(=O)C=C)cc1,,3,Cys,302,A
3SZB-I1E,3SZB,[H]c1c([H])c([H])c(C(=O)C([H])=C([H])[H])c([H])c1[H],,3,Cys,243,A
3T9T-IAQ,3T9T,,IAQ,3,Cys,442,A
3V4J-PQR,3V4J,O=NN(c1cc2c(cc1)C(=O)C(=O)2)C,,3,Cys,308,A
3W2P-W2P,3W2P,[H]c1nc(N([H])c2c([H])c([H])c(Oc3c([H])c([H])c([H])c(C(F)(F)F)c3[H])c(Cl)c2[H])c2c(n1)c([H])c([H])n2C([H])([H])C([H])([H])N([H])C(=O)C([H])=C([H])C([H])([H])N(C([H])([H])[H])C([H])([H])[H],,3,Cys,797,A
3ZV9-G74,3ZV9,O=C1C(=CC(=O)N1)c1ccc(Cl)cc1,,3,Cys,147,A
3ZVG-G86,3ZVG,[H]c1c([H])c([H])c(C([H])([H])[C@@]([H])(C(=O)N([H])[C@]([H])(C([H])([H])C([H])([H])C(=O)OC([H])([H])C([H])([H])[H])C([H])([H])[C@@]2([H])C(=O)N([H])C([H])([H])C2([H])[H])N([H])C(=O)/C(=C\[H])[H])c([H])c1[H],,3,Cys,147,A
4D9U-0JH,4D9U,,0JH,3,Cys,436,A
4GMX-K85,4GMX,C(=CN1N=NC(=C1)c1ccc(NC(=O)c2ccc(F)cc2)cc1)C(=O)OC(C)C,,3,Cys,539,C
4GS6-1FM,4GS6,,1FM,3,Cys,174,A
4HCU-13L,4HCU,O=C(C=C)N1CCC(Nc2ncnc3[nH]ccc23)CC1,,3,Cys,442,A
4HCV-13J,4HCV,[H]c1nc(N([H])[H])c2c(-c3c([H])c([H])c([H])c(C(=O)N([H])c4c([H])c([H])c(C([H])(C([H])([H])[H])C([H])([H])[H])c([H])c4[H])c3[H])nn([C@]3([H])C([H])([H])N(C(=O)C([H])=C[H])C([H])([H])C([H])([H])C3([H])[H])c2n1,,3,Cys,442,A
4I24-1C9,4I24,,1C9,3,Cys,797,A
4LYF-21C,4LYF,O=C(N1CCC(NS(=O)(=O)C=C)CC1)CNc2cc(Cl)c(Cl)cc2O,,3,Cys,12,B
4LYH-21F,4LYH,O=C(N1CCC(NS(=O)(=O)C=C)CC1)CNc2cc(I)c(Cl)cc2OC,,3,Cys,12,B
4M1O-21J,4M1O,O=C(CN1CCC(NS(=O)(=O)C=C)CC1)Oc1ccccc1,,3,Cys,12,B
4M1S-21K,4M1S,[H]c1c([H])c(N([H])C([H])([H])C(=O)N2C([H])([H])C([H])([H])C([H])(N([H])S(=O)(=O)C([H])=C([H])[H])C([H])([H])C2([H])[H])c(Cl)c([H])c1Cl,,3,Cys,12,B
4M1T-21M,4M1T,[H]c1c([H])c(OC([H])([H])C(=O)N2C([H])([H])C([H])([H])C([H])(N([H])S(=O)(=O)C([H])=C([H])[H])C([H])([H])C2([H])[H])c(Cl)c([H])c1Cl,,3,Cys,12,B
4M1W-21R,4M1W,[H]c1c(Cl)c(Cl)c([H])c(C([H])([H])C([H])([H])[H])c1N([H])C([H])([H])C(=O)N1C([H])([H])C([H])([H])C([H])(N([H])S(=O)(=O)C([H])=C([H])[H])C([H])([H])C1([H])[H],,3,Cys,12,B
4M1Y-21S,4M1Y,O=C(CNC1=NSN=C1Cl)N1CCC(NS(=O)(=O)C=C)CC1,,3,Cys,12,B
4M22-22C,4M22,C(=O)(C=C)N1CCN(CC1)c1cc(Cl)c(Cl)cc1,,3,Cys,12,B
4PE0-NQS,4PE0,O=C1C=CC(=O)c2ccccc21,,3,Cys,84,X
4PE4-REV,4PE4,O(c1c(=O)c(cc(=O)c1OC)C(c2ccccc2)C=C)C,,3,Cys,84,X
4PNC-7NP,4PNC,O=C1CC(=C)c2cc(OC)ccc21,,3,Cys,59,A
4QPS-37Q,4QPS,,37Q,3,Cys,909,A
4US2-L7S,4US2,O=C2N(C(=O)C=C2c1cccc(C(=O)N)c1)CC,,3,Cys,118,R
4WVF-K76,4WVF,,K76,3,Cys,539,C
4XCU-40M,4XCU,[H]c1c([H])c(N([H])C(=O)C([H])=C([H])[H])c(N([H])c2nc([H])c3c([H])c(-c4c(Cl)c(OC([H])([H])[H])c([H])c(OC([H])([H])[H])c4[H])c([H])c([H])c3n2)c([H])c1[H],,3,Cys,552,A
4YHF-4C9,4YHF,O=C(/C(=C\CC(C)(C)C)C#N)N1CCC[C@@H](c2ccc(F)cc2F)C1,,3,Cys,481,A
4YRT-781,4YRT,O=C(Nc2cc1cccc(O)c1cc2)C=C,,3,Cys,365,A
4ZZM-CQ6,4ZZM,C=C[S](=O)(=O)N1CCc2cnc(NC3CCOCC3)nc2C1,,3,Cys,166,A
4ZZO-CQ3,4ZZO,C=CC(=O)Nc1ccccc1Nc2nc(NC3CCOCC3)ncc2Cl,,3,Cys,166,A
5C91-4YU,5C91,,4YU,3,Cys,627,A
5DAF-58E,5DAF,[H]OC1=C(C#N)C([H])([H])[C@]2(C([H])([H])[H])c3nn(C([H])([H])[H])c(-c4c([H])nc([H])c([H])c4[H])c3C([H])([H])C([H])([H])[C@@]2([H])[C@]1([H])C([H])([H])[H],,3,Cys,151,A
5DP4-5E8,5DP4,,5.00E+08,3,Cys,147,A
5DP5-5E9,5DP5,,5.00E+09,3,Cys,147,A
5DP7-5EC,5DP7,,5EC,3,Cys,147,A
5DP8-5ED,5DP8,,5ED,3,Cys,147,A
5DP9-5EX,5DP9,,5EX,3,Cys,147,A
5DPA-5F2,5DPA,,5F2,3,Cys,147,A
5F2E-5UT,5F2E,,5UT,3,Cys,12,A
5FX6-6OY,5FX6,,6OY,3,Cys,147,A
5GIT-XXT,5GIT,,XXT,3,Cys,151,A
5GNK-80U,5GNK,,80U,3,Cys,797,A
5HG5-633,5HG5,O=S(=O)(NN1C(=O)C(SC1=S)=Cc2ccc(Br)cc2)c3ccccc3,,3,Cys,797,A
5HG7-630,5HG7,O=S(=O)(NN1C(=O)C(SC1=S)=Cc2ccc(Br)cc2)c3ccccc3,,3,Cys,797,A
5HG8-634,5HG8,O=S(=O)(NN1C(=O)C(SC1=S)=Cc2ccc(Br)cc2)c3ccccc3,,3,Cys,797,A
5HG9-63A,5HG9,O=S(=O)(NN1C(=O)C(SC1=S)=Cc2ccc(Br)cc2)c3ccccc3,,3,Cys,797,A
5HZE-E62,5HZE,O=S(=O)(NN1C(=O)C(SC1=S)=Cc2ccc(Br)cc2)c3ccccc3,,3,Cys,207,A
5IYT-NZN,5IYT,O=C(/C=C/C(=O)NCCCn1cc(-c2ccccc2)nn1)Nc1ccc(F)cc1,,3,Cys,147,B
5J7S-6H3,5J7S,[H]c1nc(N([H])c2c([H])c([H])c(N3C([H])([H])C([H])([H])N(C([H])([H])[H])C([H])([H])C3([H])[H])c([H])c2[H])nc(N([H])c2c([H])c([H])c([H])c([H])c2N([H])C(=O)C([H])=C([H])[H])c1Cl,,3,Cys,174,A
5J87-N42,5J87,,N42,3,Cys,481,A
5J9Z-6HJ,5J9Z,,6HJ,3,Cys,797,A
5JH6-T92,5JH6,,T92,3,Cys,174,A
5JK3-6L4,5JK3,,6L4,3,Cys,174,A
5LCK-6TT,5LCK,[H]c1nc([H])c(N([H])c2nc([H])c(C(F)(F)F)c(N([H])c3c([H])c([H])c([H])c([H])c3N([H])C(=O)C([H])=C([H])[H])n2)c([H])c1OC([H])([H])[H],,3,Cys,166,A
5LWN-79S,5LWN,[H]c1c(-c2nc3c([H])nc4c(c([H])c([H])n4[H])c3n2[C@@]2([H])C([H])([H])C([H])([H])C([H])([H])C([H])([H])[C@@]2([H])C([H])([H])[H])oc(/C(=C/C#N)C(=O)N(C([H])([H])[H])C([H])([H])[H])c1[H],,3,Cys,909,A
5O8U-9O5,5O8U,O=C(CCc1ccc(NC(=O)c2ccc(F)cc2)cc1)C=CC(=O)C,,3,Cys,252,A
5O8V-9O2,5O8V,C=CC(=O)Nc1cccc(c1)c2nc(NCCc3ccccc3)c4ccc(N)cc4n2,,3,Cys,251,A
5P9J-8E8,5P9J,[H]c1nc(N([H])[H])c2c(-c3c([H])c([H])c(Oc4c([H])c([H])c([H])c([H])c4[H])c([H])c3[H])nn([C@@]3([H])C([H])([H])N(C(=O)C([H])=C([H])[H])C([H])([H])C([H])([H])C3([H])[H])c2n1,,3,Cys,481,A
5P9K-7G8,5P9K,[H]c1nc(C(=O)N([H])C([H])([H])[H])c([H])c(Oc2c([H])c([H])c(N([H])c3nc([H])c(F)c(N([H])c4c([H])c([H])c([H])c(N([H])C(=O)C([H])=C([H])[H])c4[H])n3)c([H])c2[H])c1[H],,3,Cys,481,A
5P9M-7GB,5P9M,,7GB,3,Cys,481,A
5TOZ-7H4,5TOZ,C=CC(=O)N1C[CH](CC[CH]1C)Nc2ncnc3[nH]ccc23,,3,Cys,909,A
5TTS-7KU,5TTS,[H]c1nc(N([H])[C@@]2([H])C([H])([H])N(C(=O)C([H])=C([H])[H])C([H])([H])C([H])([H])C2([H])[H])c2c([H])c([H])n([H])c2n1,,3,Cys,909,A
5TTU-7KV,5TTU,[H]c1nc(N2C([H])([H])C([H])([H])[C@]3([H])C([H])([H])C([H])([H])N(C(=O)C([H])=C([H])[H])C([H])([H])[C@]23[H])c2c([H])c([H])n([H])c2n1,,3,Cys,909,A
5TTV-7KX,5TTV,[H]c1nc(-c2c([H])c([H])c([H])c(N([H])C(=O)C([H])=C([H])[H])c2[H])c([H])c([H])c1[H],,3,Cys,909,A
5UG8-8BP,5UG8,O=C1CN(C(=O)C([H])=C([H])[H])CCN1Cc1ccccc1,,3,Cys,797,A
5UGC-8BS,5UGC,O=C(C=C)N1CCC[C@@H]1C(=O)Nc1ccc(F)cc1F,,3,Cys,797,A
5V6S-8YD,5V6S,,8YD,3,Cys,12,A
5V88-8ZD,5V88,[H]c1c([H])c([H])c(C([H])([H])N(C(=O)N([H])c2c([H])c([H])c([H])c(C(F)(F)F)c2[H])C2([H])C([H])([H])C([H])([H])N([C@]([H])(C([H])([H])[H])C([H])([H])C([H])([H])C([H])([H])[H])C([H])([H])C2([H])[H])c(N([H])C(=O)C([H])=C([H])[H])c1[H],,3,Cys,1115,A
1AIM-ZYA,1AIM,,ZYA,3,Cys,25,A
1EWP-0I5,1EWP,,0I5,3,Cys,25,A
1THE-0E6,1THE,,0.00E+00,3,Cys,29,A
2AIM-ZRA,2AIM,,ZRA,3,Cys,25,A
2DW5-BFB,2DW5,O=C(NC(C(=O)N)CCCNC(=[N@H])CF)c1ccccc1,,3,Cys,645,A
2HXZ-H7J,2HXZ,,H7J,3,Cys,25,A
2XYG-TQ8,2XYG,,TQ8,3,Cys,163,A
2XYP-XVE,2XYP,,XVE,3,Cys,163,A
3B0R-GW9,3B0R,,GW9,3,Cys,285,A
3B1U-YFF,3B1U,,YFF,3,Cys,645,A
3RHY-HM3,3RHY,,HM3,3,Cys,249,A
4MZ4-2F3,4MZ4,,2F3,3,Cys,366,A
4THI-PYD,4THI,Cc1nc(Cl)c(C)c(N)n1,,3,Cys,113,A
5E7R-5KW,5E7R,,5KW,3,Cys,174,A
5L6P-6P8,5L6P,[H]c1nc(N([H])c2c([H])c([H])c([H])c([H])c2[H])c2c([H])c([H])c(N([H])C(=O)CCl)c([H])c2n1,,3,Cys,717,A
5MJB-7O3,5MJB,,7O3,3,Cys,703,A
5N0Y-8FQ,5N0Y,,8FQ,3,Cys,645,A
5V6V-8YA,5V6V,Cc1ccc2[nH]ncc2c1c3c(Cl)cc4c(ncnc4c3F)N5CCN(CC5)C(=O)C=1CN1,,3,Cys,12,A
1CVZ-C48,1CVZ,,C48,3,Cys,25,A
1EWL-R99,1EWL,CC(C)CCNC(=O)[C@@H](CCc1ccccc1)NC(=O)[C@H]1O[C@@H]1C(O)=O,,3,Cys,25,A
1EWM-RL2,1EWM,,RL2,3,Cys,25,A
2CNO-M60,2CNO,[H]OC(=O)C([H])([H])N(C(=O)C([H])([H])[C@]([H])1OC1C(=O)N([H])C([H])([H])C([H])([H])c1c([H])c([H])c([H])c([H])c1[H])N([H])C(=O)[C@@]([H])(N([H])C(=O)[C@@]([H])(N([H])C(=O)OC([H])([H])c1c([H])c([H])c([H])c([H])c1[H])C([H])([H])C([H])([H])C(=O)O[H])C([H])(C([H])([H])[H])C([H])([H])[H],,3,Cys,163,A
2DCC-77B,2DCC,,77B,3,Cys,29,A
2OP9-WR1,2OP9,[H]OC([H])([H])C([H])([H])C1(OC1)[C@]([H])(N([H])C(=O)[C@@]([H])(N([H])C(=O)OC([H])([H])c1c([H])c([H])c([H])c([H])c1[H])C([H])([H])c1c([H])c([H])c([H])c([H])c1[H])C([H])([H])[H],,3,Cys,145,B
5EZS-E6D,5EZS,,E6D,3,Cys,477,A
