name,pdb_file,electrophile_smiles,warhead_type,is_protonated,total_residues,step0_starting_count,step0_filtered_count,step0_relative_reduction_pct,step0_absolute_reduction_pct,step1_starting_count,step1_filtered_count,step1_relative_reduction_pct,step1_absolute_reduction_pct,step2_starting_count,step2_filtered_count,step2_relative_reduction_pct,step2_absolute_reduction_pct,step3_starting_count,step3_filtered_count,step3_relative_reduction_pct,step3_absolute_reduction_pct,step4_starting_count,step4_filtered_count,step4_relative_reduction_pct,step4_absolute_reduction_pct,found_site,found_site_with_HSAB
1ME3-P10,1ME3,O=CC(=O)[C@@]([H])(N([H])C(=O)[C@@]([H])(N([H])C(=O)OC([H])([H])c1c([H])nc([H])c([H])c1[H])C([H])([H])c1c([H])c([H])c([H])c([H])c1[H])C([H])([H])C([H])([H])c1c([H])c([H])c([H])c([H])c1[H],Aldehyde,True,215,215,57,73.49,73.49,57,33,42.11,84.65,33,6,81.82,97.21,6,6,0.00,97.21,6,0,100.00,100.00,True,no matches
1ME3-P10,1ME3,O=CC(=O)[C@@]([H])(N([H])C(=O)[C@@]([H])(N([H])C(=O)OC([H])([H])c1c([H])nc([H])c([H])c1[H])C([H])([H])c1c([H])c([H])c([H])c([H])c1[H])C([H])([H])C([H])([H])c1c([H])c([H])c([H])c([H])c1[H],Aldehyde,False,215,215,57,73.49,73.49,57,33,42.11,84.65,33,27,18.18,87.44,27,27,0.00,87.44,27,27,0.00,87.44,False,False
1ME3-P10,1ME3,O=CC(=O)[C@@]([H])(N([H])C(=O)[C@@]([H])(N([H])C(=O)OC([H])([H])c1c([H])nc([H])c([H])c1[H])C([H])([H])c1c([H])c([H])c([H])c([H])c1[H])C([H])([H])C([H])([H])c1c([H])c([H])c([H])c([H])c1[H],Ketone (reactive),True,215,215,57,73.49,73.49,57,33,42.11,84.65,33,6,81.82,97.21,6,3,50.00,98.60,3,2,33.33,99.07,True,True
1ME3-P10,1ME3,O=CC(=O)[C@@]([H])(N([H])C(=O)[C@@]([H])(N([H])C(=O)OC([H])([H])c1c([H])nc([H])c([H])c1[H])C([H])([H])c1c([H])c([H])c([H])c([H])c1[H])C([H])([H])C([H])([H])c1c([H])c([H])c([H])c([H])c1[H],Ketone (reactive),False,215,215,57,73.49,73.49,57,33,42.11,84.65,33,8,75.76,96.28,8,8,0.00,96.28,8,2,75.00,99.07,True,True
1ME3-P10,1ME3,O=CC(=O)[C@@]([H])(N([H])C(=O)[C@@]([H])(N([H])C(=O)OC([H])([H])c1c([H])nc([H])c([H])c1[H])C([H])([H])c1c([H])c([H])c([H])c([H])c1[H])C([H])([H])C([H])([H])c1c([H])c([H])c([H])c([H])c1[H],Activated ketone,True,215,215,57,73.49,73.49,57,33,42.11,84.65,33,6,81.82,97.21,6,6,0.00,97.21,6,2,66.67,99.07,True,True
1ME3-P10,1ME3,O=CC(=O)[C@@]([H])(N([H])C(=O)[C@@]([H])(N([H])C(=O)OC([H])([H])c1c([H])nc([H])c([H])c1[H])C([H])([H])c1c([H])c([H])c([H])c([H])c1[H])C([H])([H])C([H])([H])c1c([H])c([H])c([H])c([H])c1[H],Activated ketone,False,215,215,57,73.49,73.49,57,33,42.11,84.65,33,27,18.18,87.44,27,27,0.00,87.44,27,0,100.00,100.00,False,no matches
1ME3-P10,1ME3,O=CC(=O)[C@@]([H])(N([H])C(=O)[C@@]([H])(N([H])C(=O)OC([H])([H])c1c([H])nc([H])c([H])c1[H])C([H])([H])c1c([H])c([H])c([H])c([H])c1[H])C([H])([H])C([H])([H])c1c([H])c([H])c([H])c([H])c1[H],Carbamate (amide-like),True,215,215,57,73.49,73.49,57,33,42.11,84.65,33,7,78.79,96.74,7,0,100.00,100.00,0,0,0.00,100.00,no matches,no matches
1ME3-P10,1ME3,O=CC(=O)[C@@]([H])(N([H])C(=O)[C@@]([H])(N([H])C(=O)OC([H])([H])c1c([H])nc([H])c([H])c1[H])C([H])([H])c1c([H])c([H])c([H])c([H])c1[H])C([H])([H])C([H])([H])c1c([H])c([H])c([H])c([H])c1[H],Carbamate (amide-like),False,215,215,57,73.49,73.49,57,33,42.11,84.65,33,15,54.55,93.02,15,0,100.00,100.00,0,0,0.00,100.00,no matches,no matches
2GX4-NOL,2GX4,O=C[C@@H](NC(=O)[C@@H](CC(=O)N)NC(=O)[C@@H](CC1=CC=CC=C1)NC(=O)OCC1=CC=CC=C1)[C@@H]1CCNC1=O,Aldehyde,True,306,306,84,72.55,72.55,84,53,36.90,82.68,53,18,66.04,94.12,18,7,61.11,97.71,7,0,100.00,100.00,True,no matches
2GX4-NOL,2GX4,O=C[C@@H](NC(=O)[C@@H](CC(=O)N)NC(=O)[C@@H](CC1=CC=CC=C1)NC(=O)OCC1=CC=CC=C1)[C@@H]1CCNC1=O,Aldehyde,False,306,306,84,72.55,72.55,84,53,36.90,82.68,53,35,33.96,88.56,35,35,0.00,88.56,35,30,14.29,90.20,False,False
2GX4-NOL,2GX4,O=C[C@@H](NC(=O)[C@@H](CC(=O)N)NC(=O)[C@@H](CC1=CC=CC=C1)NC(=O)OCC1=CC=CC=C1)[C@@H]1CCNC1=O,Carbamate (amide-like),True,306,306,84,72.55,72.55,84,53,36.90,82.68,53,18,66.04,94.12,18,0,100.00,100.00,0,0,0.00,100.00,no matches,no matches
2GX4-NOL,2GX4,O=C[C@@H](NC(=O)[C@@H](CC(=O)N)NC(=O)[C@@H](CC1=CC=CC=C1)NC(=O)OCC1=CC=CC=C1)[C@@H]1CCNC1=O,Carbamate (amide-like),False,306,306,84,72.55,72.55,84,53,36.90,82.68,53,32,39.62,89.54,32,0,100.00,100.00,0,0,0.00,100.00,no matches,no matches
2OP3-TF5,2OP3,O=CCOc1ccccc1-c1ccc(F)c(F)c1F,Aldehyde,True,434,434,142,67.28,67.28,142,80,43.66,81.57,80,47,41.25,89.17,47,15,68.09,96.54,15,0,100.00,100.00,True,no matches
2OP3-TF5,2OP3,O=CCOc1ccccc1-c1ccc(F)c(F)c1F,Aldehyde,False,434,434,142,67.28,67.28,142,80,43.66,81.57,80,38,52.50,91.24,38,38,0.00,91.24,38,29,23.68,93.32,False,False
3OF8-I0Y,3OF8,O=CC(=O)[C@@H](N([H])C(=O)[C@@H](N([H])C(=O)OCC1=CC=CC=C1)Cc1ccccc1)Cc1ccc(OC(C)(C)C)cc1,Aldehyde,True,221,221,63,71.49,71.49,63,36,42.86,83.71,36,15,58.33,93.21,15,4,73.33,98.19,4,0,100.00,100.00,True,no matches
3OF8-I0Y,3OF8,O=CC(=O)[C@@H](N([H])C(=O)[C@@H](N([H])C(=O)OCC1=CC=CC=C1)Cc1ccccc1)Cc1ccc(OC(C)(C)C)cc1,Aldehyde,False,221,221,63,71.49,71.49,63,36,42.86,83.71,36,23,36.11,89.59,23,23,0.00,89.59,23,22,4.35,90.05,False,False
3OF8-I0Y,3OF8,O=CC(=O)[C@@H](N([H])C(=O)[C@@H](N([H])C(=O)OCC1=CC=CC=C1)Cc1ccccc1)Cc1ccc(OC(C)(C)C)cc1,Ketone (reactive),True,221,221,63,71.49,71.49,63,36,42.86,83.71,36,18,50.00,91.86,18,7,61.11,96.83,7,3,57.14,98.64,True,True
3OF8-I0Y,3OF8,O=CC(=O)[C@@H](N([H])C(=O)[C@@H](N([H])C(=O)OCC1=CC=CC=C1)Cc1ccccc1)Cc1ccc(OC(C)(C)C)cc1,Ketone (reactive),False,221,221,63,71.49,71.49,63,36,42.86,83.71,36,18,50.00,91.86,18,18,0.00,91.86,18,3,83.33,98.64,True,True
3OF8-I0Y,3OF8,O=CC(=O)[C@@H](N([H])C(=O)[C@@H](N([H])C(=O)OCC1=CC=CC=C1)Cc1ccccc1)Cc1ccc(OC(C)(C)C)cc1,Activated ketone,True,221,221,63,71.49,71.49,63,36,42.86,83.71,36,15,58.33,93.21,15,4,73.33,98.19,4,3,25.00,98.64,True,True
3OF8-I0Y,3OF8,O=CC(=O)[C@@H](N([H])C(=O)[C@@H](N([H])C(=O)OCC1=CC=CC=C1)Cc1ccccc1)Cc1ccc(OC(C)(C)C)cc1,Activated ketone,False,221,221,63,71.49,71.49,63,36,42.86,83.71,36,23,36.11,89.59,23,23,0.00,89.59,23,0,100.00,100.00,False,no matches
3OF8-I0Y,3OF8,O=CC(=O)[C@@H](N([H])C(=O)[C@@H](N([H])C(=O)OCC1=CC=CC=C1)Cc1ccccc1)Cc1ccc(OC(C)(C)C)cc1,Carbamate (amide-like),True,221,221,63,71.49,71.49,63,36,42.86,83.71,36,15,58.33,93.21,15,0,100.00,100.00,0,0,0.00,100.00,no matches,no matches
3OF8-I0Y,3OF8,O=CC(=O)[C@@H](N([H])C(=O)[C@@H](N([H])C(=O)OCC1=CC=CC=C1)Cc1ccccc1)Cc1ccc(OC(C)(C)C)cc1,Carbamate (amide-like),False,221,221,63,71.49,71.49,63,36,42.86,83.71,36,20,44.44,90.95,20,0,100.00,100.00,0,0,0.00,100.00,no matches,no matches
3SN8-S89,3SN8,O=C([H])[C@@]([H])(N([H])C(=O)[C@@]([H])(N([H])C(=O)/C([H])=C(\[H])c1c([H])c([H])c([H])c([H])c1[H])C([H])([H])c1c([H])c([H])c([H])c([H])c1[H])C([H])([H])c1c([H])c([H])c([H])c([H])c1[H],Alpha-beta unsaturated carbonyl (Michael acceptor),True,306,306,84,72.55,72.55,84,53,36.90,82.68,53,18,66.04,94.12,18,7,61.11,97.71,7,2,71.43,99.35,True,True
3SN8-S89,3SN8,O=C([H])[C@@]([H])(N([H])C(=O)[C@@]([H])(N([H])C(=O)/C([H])=C(\[H])c1c([H])c([H])c([H])c([H])c1[H])C([H])([H])c1c([H])c([H])c([H])c([H])c1[H])C([H])([H])c1c([H])c([H])c([H])c([H])c1[H],Alpha-beta unsaturated carbonyl (Michael acceptor),False,306,306,84,72.55,72.55,84,53,36.90,82.68,53,28,47.17,90.85,28,28,0.00,90.85,28,0,100.00,100.00,False,no matches
3SN8-S89,3SN8,O=C([H])[C@@]([H])(N([H])C(=O)[C@@]([H])(N([H])C(=O)/C([H])=C(\[H])c1c([H])c([H])c([H])c([H])c1[H])C([H])([H])c1c([H])c([H])c([H])c([H])c1[H])C([H])([H])c1c([H])c([H])c([H])c([H])c1[H],Acrylamide warhead,True,306,306,84,72.55,72.55,84,53,36.90,82.68,53,18,66.04,94.12,18,7,61.11,97.71,7,2,71.43,99.35,True,True
3SN8-S89,3SN8,O=C([H])[C@@]([H])(N([H])C(=O)[C@@]([H])(N([H])C(=O)/C([H])=C(\[H])c1c([H])c([H])c([H])c([H])c1[H])C([H])([H])c1c([H])c([H])c([H])c([H])c1[H])C([H])([H])c1c([H])c([H])c([H])c([H])c1[H],Acrylamide warhead,False,306,306,84,72.55,72.55,84,53,36.90,82.68,53,28,47.17,90.85,28,28,0.00,90.85,28,0,100.00,100.00,False,no matches
3SN8-S89,3SN8,O=C([H])[C@@]([H])(N([H])C(=O)[C@@]([H])(N([H])C(=O)/C([H])=C(\[H])c1c([H])c([H])c([H])c([H])c1[H])C([H])([H])c1c([H])c([H])c([H])c([H])c1[H])C([H])([H])c1c([H])c([H])c([H])c([H])c1[H],Aldehyde,True,306,306,84,72.55,72.55,84,53,36.90,82.68,53,18,66.04,94.12,18,7,61.11,97.71,7,0,100.00,100.00,True,no matches
3SN8-S89,3SN8,O=C([H])[C@@]([H])(N([H])C(=O)[C@@]([H])(N([H])C(=O)/C([H])=C(\[H])c1c([H])c([H])c([H])c([H])c1[H])C([H])([H])c1c([H])c([H])c([H])c([H])c1[H])C([H])([H])c1c([H])c([H])c([H])c([H])c1[H],Aldehyde,False,306,306,84,72.55,72.55,84,53,36.90,82.68,53,25,52.83,91.83,25,25,0.00,91.83,25,18,28.00,94.12,True,False
4DCD-K36,4DCD,O=C[C@@H](NC(=O)[C@@H](NC(=O)OCc1ccccc1)CC(C)C),Aldehyde,True,184,184,51,72.28,72.28,51,34,33.33,81.52,34,17,50.00,90.76,17,9,47.06,95.11,9,0,100.00,100.00,True,no matches
4DCD-K36,4DCD,O=C[C@@H](NC(=O)[C@@H](NC(=O)OCc1ccccc1)CC(C)C),Aldehyde,False,184,184,51,72.28,72.28,51,34,33.33,81.52,34,15,55.88,91.85,15,15,0.00,91.85,15,14,6.67,92.39,True,False
4DCD-K36,4DCD,O=C[C@@H](NC(=O)[C@@H](NC(=O)OCc1ccccc1)CC(C)C),Carbamate (amide-like),True,184,184,51,72.28,72.28,51,34,33.33,81.52,34,17,50.00,90.76,17,0,100.00,100.00,0,0,0.00,100.00,no matches,no matches
4DCD-K36,4DCD,O=C[C@@H](NC(=O)[C@@H](NC(=O)OCc1ccccc1)CC(C)C),Carbamate (amide-like),False,184,184,51,72.28,72.28,51,34,33.33,81.52,34,15,55.88,91.85,15,0,100.00,100.00,0,0,0.00,100.00,no matches,no matches
5C1X-GHX,5C1X,O=CC1CCN(C(=O)[C@@H](CC(=O)N2CCC[C@@H]2C(=O)N[C@@H](Cc2ccccc2)C(=O)O)NC(=O)[C@@H](CC(C)C)NC(=O)[C@@H](N)Cc2ccccc2)C1,Aldehyde,True,362,362,84,76.80,76.80,84,53,36.90,85.36,53,28,47.17,92.27,28,12,57.14,96.69,12,0,100.00,100.00,True,no matches
5C1X-GHX,5C1X,O=CC1CCN(C(=O)[C@@H](CC(=O)N2CCC[C@@H]2C(=O)N[C@@H](Cc2ccccc2)C(=O)O)NC(=O)[C@@H](CC(C)C)NC(=O)[C@@H](N)Cc2ccccc2)C1,Aldehyde,False,362,362,84,76.80,76.80,84,53,36.90,85.36,53,25,52.83,93.09,25,25,0.00,93.09,25,23,8.00,93.65,True,False
5DGJ-V64,5DGJ,O=C[C@@]1([H])CC(=O)N[C@@H](CC2=CC=CC=C2)C(=O)N[C@@H](CC(=O)N1)CC3=CC=CC=C3,Aldehyde,True,168,168,43,74.40,74.40,43,34,20.93,79.76,34,8,76.47,95.24,8,1,87.50,99.40,1,0,100.00,100.00,True,no matches
5DGJ-V64,5DGJ,O=C[C@@]1([H])CC(=O)N[C@@H](CC2=CC=CC=C2)C(=O)N[C@@H](CC(=O)N1)CC3=CC=CC=C3,Aldehyde,False,168,168,43,74.40,74.40,43,34,20.93,79.76,34,7,79.41,95.83,7,7,0.00,95.83,7,0,100.00,100.00,True,no matches
1BGO-I10,1BGO,O=C(CNC(=O)[C@@H](c1ccc(-c2ccccc2)cc1)CC(C)C)CNS(=O)(=O)c1ncccc1,Ketone (reactive),True,215,215,63,70.70,70.70,63,38,39.68,82.33,38,20,47.37,90.70,20,2,90.00,99.07,2,2,0.00,99.07,True,True
1BGO-I10,1BGO,O=C(CNC(=O)[C@@H](c1ccc(-c2ccccc2)cc1)CC(C)C)CNS(=O)(=O)c1ncccc1,Ketone (reactive),False,215,215,63,70.70,70.70,63,38,39.68,82.33,38,15,60.53,93.02,15,15,0.00,93.02,15,2,86.67,99.07,True,True
1BGO-I10,1BGO,O=C(CNC(=O)[C@@H](c1ccc(-c2ccccc2)cc1)CC(C)C)CNS(=O)(=O)c1ncccc1,Sulfonamide (activated),True,215,215,63,70.70,70.70,63,38,39.68,82.33,38,25,34.21,88.37,25,0,100.00,100.00,0,0,0.00,100.00,no matches,no matches
1BGO-I10,1BGO,O=C(CNC(=O)[C@@H](c1ccc(-c2ccccc2)cc1)CC(C)C)CNS(=O)(=O)c1ncccc1,Sulfonamide (activated),False,215,215,63,70.70,70.70,63,38,39.68,82.33,38,6,84.21,97.21,6,0,100.00,100.00,0,0,0.00,100.00,no matches,no matches
2BDL-4PR,2BDL,O=C(C(=O)N([H])[C@@H](c1ccccc1)C)[C@@H](N([H])C(=O)OC(C)(C)C)CC(C)C,Ketone (reactive),True,215,215,63,70.70,70.70,63,39,38.10,81.86,39,21,46.15,90.23,21,3,85.71,98.60,3,3,0.00,98.60,True,True
2BDL-4PR,2BDL,O=C(C(=O)N([H])[C@@H](c1ccccc1)C)[C@@H](N([H])C(=O)OC(C)(C)C)CC(C)C,Ketone (reactive),False,215,215,63,70.70,70.70,63,39,38.10,81.86,39,12,69.23,94.42,12,12,0.00,94.42,12,3,75.00,98.60,True,True
2BDL-4PR,2BDL,O=C(C(=O)N([H])[C@@H](c1ccccc1)C)[C@@H](N([H])C(=O)OC(C)(C)C)CC(C)C,Activated ketone,True,215,215,63,70.70,70.70,63,39,38.10,81.86,39,21,46.15,90.23,21,3,85.71,98.60,3,3,0.00,98.60,True,True
2BDL-4PR,2BDL,O=C(C(=O)N([H])[C@@H](c1ccccc1)C)[C@@H](N([H])C(=O)OC(C)(C)C)CC(C)C,Activated ketone,False,215,215,63,70.70,70.70,63,39,38.10,81.86,39,12,69.23,94.42,12,12,0.00,94.42,12,3,75.00,98.60,True,True
2BDL-4PR,2BDL,O=C(C(=O)N([H])[C@@H](c1ccccc1)C)[C@@H](N([H])C(=O)OC(C)(C)C)CC(C)C,Carbamate (amide-like),True,215,215,63,70.70,70.70,63,39,38.10,81.86,39,21,46.15,90.23,21,0,100.00,100.00,0,0,0.00,100.00,no matches,no matches
2BDL-4PR,2BDL,O=C(C(=O)N([H])[C@@H](c1ccccc1)C)[C@@H](N([H])C(=O)OC(C)(C)C)CC(C)C,Carbamate (amide-like),False,215,215,63,70.70,70.70,63,39,38.10,81.86,39,14,64.10,93.49,14,0,100.00,100.00,0,0,0.00,100.00,no matches,no matches
2XM7-34H,2XM7,[H]OC(=O)C(=O)C([H])([H])c1c([H])c([H])c(O[H])c([H])c1[H],Ketone (reactive),True,307,307,66,78.50,78.50,66,35,46.97,88.60,35,18,48.57,94.14,18,10,44.44,96.74,10,1,90.00,99.67,True,True
2XM7-34H,2XM7,[H]OC(=O)C(=O)C([H])([H])c1c([H])c([H])c(O[H])c([H])c1[H],Ketone (reactive),False,307,307,66,78.50,78.50,66,35,46.97,88.60,35,17,51.43,94.46,17,17,0.00,94.46,17,1,94.12,99.67,True,True
2XM7-34H,2XM7,[H]OC(=O)C(=O)C([H])([H])c1c([H])c([H])c(O[H])c([H])c1[H],Activated ketone,True,307,307,66,78.50,78.50,66,35,46.97,88.60,35,13,62.86,95.77,13,5,61.54,98.37,5,1,80.00,99.67,True,True
2XM7-34H,2XM7,[H]OC(=O)C(=O)C([H])([H])c1c([H])c([H])c(O[H])c([H])c1[H],Activated ketone,False,307,307,66,78.50,78.50,66,35,46.97,88.60,35,14,60.00,95.44,14,14,0.00,95.44,14,1,92.86,99.67,True,True
3H0E-H0E,3H0E,O=C1c2cc(S(=O)(=O)N3CCC[C@@H]3COc3ccccc3)ccc2N2CC(C)(C)CN=C21,Ketone (reactive),True,475,475,151,68.21,68.21,151,83,45.03,82.53,83,43,48.19,90.95,43,14,67.44,97.05,14,6,57.14,98.74,True,True
3H0E-H0E,3H0E,O=C1c2cc(S(=O)(=O)N3CCC[C@@H]3COc3ccccc3)ccc2N2CC(C)(C)CN=C21,Ketone (reactive),False,475,475,151,68.21,68.21,151,83,45.03,82.53,83,34,59.04,92.84,34,34,0.00,92.84,34,6,82.35,98.74,True,True
3H0E-H0E,3H0E,O=C1c2cc(S(=O)(=O)N3CCC[C@@H]3COc3ccccc3)ccc2N2CC(C)(C)CN=C21,Sulfonamide (activated),True,475,475,151,68.21,68.21,151,83,45.03,82.53,83,43,48.19,90.95,43,0,100.00,100.00,0,0,0.00,100.00,no matches,no matches
3H0E-H0E,3H0E,O=C1c2cc(S(=O)(=O)N3CCC[C@@H]3COc3ccccc3)ccc2N2CC(C)(C)CN=C21,Sulfonamide (activated),False,475,475,151,68.21,68.21,151,83,45.03,82.53,83,30,63.86,93.68,30,0,100.00,100.00,0,0,0.00,100.00,no matches,no matches
4L1O-1VL,4L1O,O=C1C(=O)N(CC2CCN(Cc3ccc4c(c3)OCO4)CC2)c2ccccc21,Ketone (reactive),True,899,899,223,75.19,75.19,223,118,47.09,86.87,118,61,48.31,93.21,61,14,77.05,98.44,14,3,78.57,99.67,False,False
4L1O-1VL,4L1O,O=C1C(=O)N(CC2CCN(Cc3ccc4c(c3)OCO4)CC2)c2ccccc21,Ketone (reactive),False,899,899,223,75.19,75.19,223,118,47.09,86.87,118,80,32.20,91.10,80,80,0.00,91.10,80,0,100.00,100.00,False,no matches
4L1O-1VL,4L1O,O=C1C(=O)N(CC2CCN(Cc3ccc4c(c3)OCO4)CC2)c2ccccc21,Activated ketone,True,899,899,223,75.19,75.19,223,118,47.09,86.87,118,61,48.31,93.21,61,14,77.05,98.44,14,3,78.57,99.67,False,False
4L1O-1VL,4L1O,O=C1C(=O)N(CC2CCN(Cc3ccc4c(c3)OCO4)CC2)c2ccccc21,Activated ketone,False,899,899,223,75.19,75.19,223,118,47.09,86.87,118,80,32.20,91.10,80,80,0.00,91.10,80,0,100.00,100.00,False,no matches
1MS6-BLN,1MS6,[H]c1c([H])c([H])c(C([H])([H])OC([H])([H])[C@@]([H])(C=C)N([H])C(=O)[C@@]([H])(N([H])C(=O)N2C([H])([H])C([H])([H])OC([H])([H])C2([H])[H])C([H])([H])C([H])(C([H])([H])[H])C([H])([H])[H])c([H])c1[H],No warhead found,,,,,,,,,,,,,,,,,,,,,,,,
2FRQ-C71,2FRQ,N#C[C@@H](CC1CCCCC1)NC(=O)[C@@H](CC(=O)O)NC(=O)c1ccccc1,Nitrile (electrophilic),True,435,435,142,67.36,67.36,142,87,38.73,80.00,87,42,51.72,90.34,42,6,85.71,98.62,6,6,0.00,98.62,True,True
2FRQ-C71,2FRQ,N#C[C@@H](CC1CCCCC1)NC(=O)[C@@H](CC(=O)O)NC(=O)c1ccccc1,Nitrile (electrophilic),False,435,435,142,67.36,67.36,142,87,38.73,80.00,87,33,62.07,92.41,33,20,39.39,95.40,20,6,70.00,98.62,True,True
2XU1-424,2XU1,N#CC1(N([H])C(=O)[C@@]2([H])N(C(=O)C3(c4c([H])c([H])c(Cl)c([H])c4[H])C([H])([H])C3([H])[H])C([H])([H])[C@]([H])(S(=O)(=O)c3c([H])c([H])c([H])c([H])c3Cl)C2([H])[H])C([H])([H])C1([H])[H],Nitrile (electrophilic),True,869,869,242,72.15,72.15,242,132,45.45,84.81,132,59,55.30,93.21,59,12,79.66,98.62,12,12,0.00,98.62,True,True
2XU1-424,2XU1,N#CC1(N([H])C(=O)[C@@]2([H])N(C(=O)C3(c4c([H])c([H])c(Cl)c([H])c4[H])C([H])([H])C3([H])[H])C([H])([H])[C@]([H])(S(=O)(=O)c3c([H])c([H])c([H])c([H])c3Cl)C2([H])[H])C([H])([H])C1([H])[H],Nitrile (electrophilic),False,869,869,242,72.15,72.15,242,132,45.45,84.81,132,37,71.97,95.74,37,12,67.57,98.62,12,12,0.00,98.62,True,True
2XU4-DJT,2XU4,N#CC1(N([H])C(=O)[C@@]2([H])N(C(=O)C3(c4c([H])c([H])c(F)c([H])c4[H])C([H])([H])C3([H])[H])C([H])([H])[C@]([H])(S(=O)(=O)c3c([H])c([H])c([H])c([H])c3Cl)C2([H])[H])C([H])([H])C1([H])[H],Nitrile (electrophilic),True,217,217,62,71.43,71.43,62,35,43.55,83.87,35,15,57.14,93.09,15,3,80.00,98.62,3,3,0.00,98.62,True,True
2XU4-DJT,2XU4,N#CC1(N([H])C(=O)[C@@]2([H])N(C(=O)C3(c4c([H])c([H])c(F)c([H])c4[H])C([H])([H])C3([H])[H])C([H])([H])[C@]([H])(S(=O)(=O)c3c([H])c([H])c([H])c([H])c3Cl)C2([H])[H])C([H])([H])C1([H])[H],Nitrile (electrophilic),False,217,217,62,71.43,71.43,62,35,43.55,83.87,35,13,62.86,94.01,13,9,30.77,95.85,9,3,66.67,98.62,True,True
2XU5-XU5,2XU5,N#CC1(N([H])C(=O)[C@@]2([H])N(C(=O)C3(c4c([H])c([H])c(C([H])([H])[H])c([H])c4[H])C([H])([H])C3([H])[H])C([H])([H])[C@]([H])(S(=O)(=O)c3c([H])c([H])c([H])c([H])c3Cl)C2([H])[H])C([H])([H])C1([H])[H],Nitrile (electrophilic),True,216,216,60,72.22,72.22,60,33,45.00,84.72,33,15,54.55,93.06,15,3,80.00,98.61,3,3,0.00,98.61,True,True
2XU5-XU5,2XU5,N#CC1(N([H])C(=O)[C@@]2([H])N(C(=O)C3(c4c([H])c([H])c(C([H])([H])[H])c([H])c4[H])C([H])([H])C3([H])[H])C([H])([H])[C@]([H])(S(=O)(=O)c3c([H])c([H])c([H])c([H])c3Cl)C2([H])[H])C([H])([H])C1([H])[H],Nitrile (electrophilic),False,216,216,60,72.22,72.22,60,33,45.00,84.72,33,16,51.52,92.59,16,12,25.00,94.44,12,3,75.00,98.61,True,True
2YJ2-YJ2,2YJ2,N#CC1(N([H])C(=O)[C@@]2([H])N(C(=O)C3(c4c([H])c([H])c(Br)c([H])c4[H])C([H])([H])C3([H])[H])C([H])([H])[C@]([H])(S(=O)(=O)c3c([H])c([H])c([H])c([H])c3Cl)C2([H])[H])C([H])([H])C1([H])[H],Nitrile (electrophilic),True,219,219,63,71.23,71.23,63,37,41.27,83.11,37,15,59.46,93.15,15,3,80.00,98.63,3,3,0.00,98.63,True,True
2YJ2-YJ2,2YJ2,N#CC1(N([H])C(=O)[C@@]2([H])N(C(=O)C3(c4c([H])c([H])c(Br)c([H])c4[H])C([H])([H])C3([H])[H])C([H])([H])[C@]([H])(S(=O)(=O)c3c([H])c([H])c([H])c([H])c3Cl)C2([H])[H])C([H])([H])C1([H])[H],Nitrile (electrophilic),False,219,219,63,71.23,71.23,63,37,41.27,83.11,37,18,51.35,91.78,18,17,5.56,92.24,17,0,100.00,100.00,False,no matches
2YJ8-YJ8,2YJ8,N#CC1(N([H])C(=O)[C@@]2([H])N(C(=O)C3(c4c([H])c([H])c(I)c([H])c4[H])C([H])([H])C3([H])[H])C([H])([H])[C@]([H])(S(=O)(=O)c3c([H])c([H])c([H])c([H])c3Cl)C2([H])[H])C([H])([H])C1([H])[H],Nitrile (electrophilic),True,219,219,63,71.23,71.23,63,37,41.27,83.11,37,15,59.46,93.15,15,3,80.00,98.63,3,3,0.00,98.63,True,True
2YJ8-YJ8,2YJ8,N#CC1(N([H])C(=O)[C@@]2([H])N(C(=O)C3(c4c([H])c([H])c(I)c([H])c4[H])C([H])([H])C3([H])[H])C([H])([H])[C@]([H])(S(=O)(=O)c3c([H])c([H])c([H])c([H])c3Cl)C2([H])[H])C([H])([H])C1([H])[H],Nitrile (electrophilic),False,219,219,63,71.23,71.23,63,37,41.27,83.11,37,10,72.97,95.43,10,9,10.00,95.89,9,3,66.67,98.63,True,True
2YJ9-YJ9,2YJ9,N#CC1(N([H])C(=O)[C@@]2([H])N(C(=O)C3(c4c([H])c([H])c(C(F)(F)F)c([H])c4[H])C([H])([H])C3([H])[H])C([H])([H])[C@]([H])(S(=O)(=O)c3c([H])c([H])c([H])c([H])c3Cl)C2([H])[H])C([H])([H])C1([H])[H],Nitrile (electrophilic),True,216,216,60,72.22,72.22,60,34,43.33,84.26,34,15,55.88,93.06,15,3,80.00,98.61,3,3,0.00,98.61,True,True
2YJ9-YJ9,2YJ9,N#CC1(N([H])C(=O)[C@@]2([H])N(C(=O)C3(c4c([H])c([H])c(C(F)(F)F)c([H])c4[H])C([H])([H])C3([H])[H])C([H])([H])[C@]([H])(S(=O)(=O)c3c([H])c([H])c([H])c([H])c3Cl)C2([H])[H])C([H])([H])C1([H])[H],Nitrile (electrophilic),False,216,216,60,72.22,72.22,60,34,43.33,84.26,34,17,50.00,92.13,17,17,0.00,92.13,17,3,82.35,98.61,True,True
3HHA-NOW,3HHA,N#CC([H])([H])N([H])C(=O)[C@@]([H])(N([H])C(=O)c1c([H])c(C(C([H])([H])[H])(C([H])([H])[H])C([H])([H])[H])nn1C([H])([H])[H])C([H])([H])c1c([H])c([H])c([H])c(C([H])([H])[H])c1[H],Nitrile (electrophilic),True,869,869,244,71.92,71.92,244,132,45.90,84.81,132,59,55.30,93.21,59,12,79.66,98.62,12,12,0.00,98.62,True,True
3HHA-NOW,3HHA,N#CC([H])([H])N([H])C(=O)[C@@]([H])(N([H])C(=O)c1c([H])c(C(C([H])([H])[H])(C([H])([H])[H])C([H])([H])[H])nn1C([H])([H])[H])C([H])([H])c1c([H])c([H])c([H])c(C([H])([H])[H])c1[H],Nitrile (electrophilic),False,869,869,244,71.92,71.92,244,132,45.90,84.81,132,64,51.52,92.64,64,64,0.00,92.64,64,12,81.25,98.62,True,True
3HWN-BD3,3HWN,[H]/N=C(/[H])c1nnc(-c2c([H])c([H])c([H])c(C([H])([H])[C@@]([H])(C(=O)N([H])C([H])([H])C#N)N([H])C(=O)c3c([H])c(C(C([H])([H])[H])(C([H])([H])[H])C([H])([H])[H])nn3C([H])([H])[H])c2[H])o1,Nitrile (electrophilic),True,862,862,239,72.27,72.27,239,125,47.70,85.50,125,57,54.40,93.39,57,12,78.95,98.61,12,12,0.00,98.61,True,True
3HWN-BD3,3HWN,[H]/N=C(/[H])c1nnc(-c2c([H])c([H])c([H])c(C([H])([H])[C@@]([H])(C(=O)N([H])C([H])([H])C#N)N([H])C(=O)c3c([H])c(C(C([H])([H])[H])(C([H])([H])[H])C([H])([H])[H])nn3C([H])([H])[H])c2[H])o1,Nitrile (electrophilic),False,862,862,239,72.27,72.27,239,125,47.70,85.50,125,32,74.40,96.29,32,28,12.50,96.75,28,12,57.14,98.61,True,True
3HWN-BD3,3HWN,[H]/N=C(/[H])c1nnc(-c2c([H])c([H])c([H])c(C([H])([H])[C@@]([H])(C(=O)N([H])C([H])([H])C#N)N([H])C(=O)c3c([H])c(C(C([H])([H])[H])(C([H])([H])[H])C([H])([H])[H])nn3C([H])([H])[H])c2[H])o1,Aliphatic imine (Schiff base former),True,862,862,239,72.27,72.27,239,125,47.70,85.50,125,57,54.40,93.39,57,16,71.93,98.14,16,0,100.00,100.00,True,no matches
3HWN-BD3,3HWN,[H]/N=C(/[H])c1nnc(-c2c([H])c([H])c([H])c(C([H])([H])[C@@]([H])(C(=O)N([H])C([H])([H])C#N)N([H])C(=O)c3c([H])c(C(C([H])([H])[H])(C([H])([H])[H])C([H])([H])[H])nn3C([H])([H])[H])c2[H])o1,Aliphatic imine (Schiff base former),False,862,862,239,72.27,72.27,239,125,47.70,85.50,125,68,45.60,92.11,68,68,0.00,92.11,68,49,27.94,94.32,False,False
3N3G-935,3N3G,N#Cc1nc(-c2c([H])c([H])c(OC([H])([H])C([H])([H])C([H])([H])N3C([H])([H])C([H])([H])N(C([H])([H])[H])C([H])([H])C3([H])[H])c(C(F)(F)F)c2[H])c([H])c([H])c1[H],Nitrile (electrophilic),True,434,434,142,67.28,67.28,142,80,43.66,81.57,80,42,47.50,90.32,42,6,85.71,98.62,6,6,0.00,98.62,True,True
3N3G-935,3N3G,N#Cc1nc(-c2c([H])c([H])c(OC([H])([H])C([H])([H])C([H])([H])N3C([H])([H])C([H])([H])N(C([H])([H])[H])C([H])([H])C3([H])[H])c(C(F)(F)F)c2[H])c([H])c([H])c1[H],Nitrile (electrophilic),False,434,434,142,67.28,67.28,142,80,43.66,81.57,80,34,57.50,92.17,34,30,11.76,93.09,30,0,100.00,100.00,False,no matches
3N3G-935,3N3G,N#Cc1nc(-c2c([H])c([H])c(OC([H])([H])C([H])([H])C([H])([H])N3C([H])([H])C([H])([H])N(C([H])([H])[H])C([H])([H])C3([H])[H])c(C(F)(F)F)c2[H])c([H])c([H])c1[H],Aromatic nitrile (cathepsin-like),True,434,434,142,67.28,67.28,142,80,43.66,81.57,80,42,47.50,90.32,42,0,100.00,100.00,0,0,0.00,100.00,no matches,no matches
3N3G-935,3N3G,N#Cc1nc(-c2c([H])c([H])c(OC([H])([H])C([H])([H])C([H])([H])N3C([H])([H])C([H])([H])N(C([H])([H])[H])C([H])([H])C3([H])[H])c(C(F)(F)F)c2[H])c([H])c([H])c1[H],Aromatic nitrile (cathepsin-like),False,434,434,142,67.28,67.28,142,80,43.66,81.57,80,18,77.50,95.85,18,0,100.00,100.00,0,0,0.00,100.00,no matches,no matches
3N4C-EF3,3N4C,N#Cc1nc(-c2cc(OC([H])([H])C([H])([H])C([H])([H])N3C([H])([H])C([H])([H])N(C([H])([H])[H])C([H])([H])C3([H])[H])c(C(F)(F)F)c([H])c2[H])c([H])c2c1nc([H])n2C([H])([H])[H],Nitrile (electrophilic),True,434,434,142,67.28,67.28,142,79,44.37,81.80,79,42,46.84,90.32,42,6,85.71,98.62,6,6,0.00,98.62,True,True
3N4C-EF3,3N4C,N#Cc1nc(-c2cc(OC([H])([H])C([H])([H])C([H])([H])N3C([H])([H])C([H])([H])N(C([H])([H])[H])C([H])([H])C3([H])[H])c(C(F)(F)F)c([H])c2[H])c([H])c2c1nc([H])n2C([H])([H])[H],Nitrile (electrophilic),False,434,434,142,67.28,67.28,142,79,44.37,81.80,79,17,78.48,96.08,17,6,64.71,98.62,6,6,0.00,98.62,True,True
3N4C-EF3,3N4C,N#Cc1nc(-c2cc(OC([H])([H])C([H])([H])C([H])([H])N3C([H])([H])C([H])([H])N(C([H])([H])[H])C([H])([H])C3([H])[H])c(C(F)(F)F)c([H])c2[H])c([H])c2c1nc([H])n2C([H])([H])[H],Aromatic nitrile (cathepsin-like),True,434,434,142,67.28,67.28,142,79,44.37,81.80,79,42,46.84,90.32,42,0,100.00,100.00,0,0,0.00,100.00,no matches,no matches
3N4C-EF3,3N4C,N#Cc1nc(-c2cc(OC([H])([H])C([H])([H])C([H])([H])N3C([H])([H])C([H])([H])N(C([H])([H])[H])C([H])([H])C3([H])[H])c(C(F)(F)F)c([H])c2[H])c([H])c2c1nc([H])n2C([H])([H])[H],Aromatic nitrile (cathepsin-like),False,434,434,142,67.28,67.28,142,79,44.37,81.80,79,22,72.15,94.93,22,0,100.00,100.00,0,0,0.00,100.00,no matches,no matches
4BQV-8PW,4BQV,N#CC1(N([H])C(=O)[C@@]2([H])N(C(=O)C3(C([H])([H])[H])C([H])([H])C3([H])[H])C([H])([H])[C@]([H])(S(=O)(=O)c3c([H])c([H])c(OC([H])([H])C(F)(F)F)c([H])c3C(F)(F)F)C2([H])[H])C([H])([H])C1([H])[H],Nitrile (electrophilic),True,1752,1752,568,67.58,67.58,568,326,42.61,81.39,326,164,49.69,90.64,164,22,86.59,98.74,22,22,0.00,98.74,True,True
4BQV-8PW,4BQV,N#CC1(N([H])C(=O)[C@@]2([H])N(C(=O)C3(C([H])([H])[H])C([H])([H])C3([H])[H])C([H])([H])[C@]([H])(S(=O)(=O)c3c([H])c([H])c(OC([H])([H])C(F)(F)F)c([H])c3C(F)(F)F)C2([H])[H])C([H])([H])C1([H])[H],Nitrile (electrophilic),False,1752,1752,568,67.58,67.58,568,326,42.61,81.39,326,117,64.11,93.32,117,57,51.28,96.75,57,0,100.00,100.00,False,no matches
4BS5-MG2,4BS5,N#CC1(N([H])C(=O)[C@@]2([H])N([H])C([H])([H])[C@]([H])(S(=O)(=O)c3c([H])c([H])c([H])c([H])c3C(F)(F)F)C2([H])[H])C([H])([H])C1([H])[H],Nitrile (electrophilic),True,219,219,71,67.58,67.58,71,45,36.62,79.45,45,22,51.11,89.95,22,3,86.36,98.63,3,3,0.00,98.63,True,True
4BS5-MG2,4BS5,N#CC1(N([H])C(=O)[C@@]2([H])N([H])C([H])([H])[C@]([H])(S(=O)(=O)c3c([H])c([H])c([H])c([H])c3C(F)(F)F)C2([H])[H])C([H])([H])C1([H])[H],Nitrile (electrophilic),False,219,219,71,67.58,67.58,71,45,36.62,79.45,45,16,64.44,92.69,16,11,31.25,94.98,11,3,72.73,98.63,True,True
4BS6-JG7,4BS6,N#CC1(N([H])C(=O)[C@@]2([H])N(C(=O)C3(C(F)(F)F)C([H])([H])C3([H])[H])C([H])([H])[C@]([H])(S(=O)(=O)c3c([H])c([H])c(N4C([H])([H])C([H])([H])N(C([H])([H])C([H])([H])[H])C([H])([H])C4([H])[H])c([H])c3)C2([H])[H])C([H])([H])C1([H])[H],Nitrile (electrophilic),True,438,438,142,67.58,67.58,142,81,42.96,81.51,81,41,49.38,90.64,41,6,85.37,98.63,6,6,0.00,98.63,True,True
4BS6-JG7,4BS6,N#CC1(N([H])C(=O)[C@@]2([H])N(C(=O)C3(C(F)(F)F)C([H])([H])C3([H])[H])C([H])([H])[C@]([H])(S(=O)(=O)c3c([H])c([H])c(N4C([H])([H])C([H])([H])N(C([H])([H])C([H])([H])[H])C([H])([H])C4([H])[H])c([H])c3)C2([H])[H])C([H])([H])C1([H])[H],Nitrile (electrophilic),False,438,438,142,67.58,67.58,142,81,42.96,81.51,81,38,53.09,91.32,38,38,0.00,91.32,38,6,84.21,98.63,True,True
4BSQ-QQV,4BSQ,N#CC([H])([H])N([H])C(=O)[C@]1([H])C([H])([H])[C@@]([H])(S(=O)(=O)c2c([H])c([H])c([H])c([H])c2[H])C([H])([H])[C@@]1([H])C(=O)N1C([H])([H])C([H])([H])OC([H])([H])C1([H])[H],Nitrile (electrophilic),True,219,219,71,67.58,67.58,71,41,42.25,81.28,41,20,51.22,90.87,20,2,90.00,99.09,2,2,0.00,99.09,False,False
4BSQ-QQV,4BSQ,N#CC([H])([H])N([H])C(=O)[C@]1([H])C([H])([H])[C@@]([H])(S(=O)(=O)c2c([H])c([H])c([H])c([H])c2[H])C([H])([H])[C@@]1([H])C(=O)N1C([H])([H])C([H])([H])OC([H])([H])C1([H])[H],Nitrile (electrophilic),False,219,219,71,67.58,67.58,71,41,42.25,81.28,41,18,56.10,91.78,18,18,0.00,91.78,18,2,88.89,99.09,False,False
4CDC-6AO,4CDC,N#C[C@@H](NC(=O)[C@@H](N)CCC)Cc1ccc(-c2ccccc2)cc1,Nitrile (electrophilic),True,1373,1373,424,69.12,69.12,424,231,45.52,83.18,231,105,54.55,92.35,105,17,83.81,98.76,17,17,0.00,98.76,True,True
4CDC-6AO,4CDC,N#C[C@@H](NC(=O)[C@@H](N)CCC)Cc1ccc(-c2ccccc2)cc1,Nitrile (electrophilic),False,1373,1373,424,69.12,69.12,424,231,45.52,83.18,231,120,48.05,91.26,120,120,0.00,91.26,120,17,85.83,98.76,True,True
4CDD-GDI,4CDD,N#C[C@@H](NC(=O)[C@@H]1CCCCN1C(=O)c1ccc(-c2ccccc2C#N)cc1),Nitrile (electrophilic),True,692,692,214,69.08,69.08,214,120,43.93,82.66,120,53,55.83,92.34,53,8,84.91,98.84,8,8,0.00,98.84,True,True
4CDD-GDI,4CDD,N#C[C@@H](NC(=O)[C@@H]1CCCCN1C(=O)c1ccc(-c2ccccc2C#N)cc1),Nitrile (electrophilic),False,692,692,214,69.08,69.08,214,120,43.93,82.66,120,62,48.33,91.04,62,33,46.77,95.23,33,0,100.00,100.00,False,no matches
4CDD-GDI,4CDD,N#C[C@@H](NC(=O)[C@@H]1CCCCN1C(=O)c1ccc(-c2ccccc2C#N)cc1),Aromatic nitrile (cathepsin-like),True,692,692,214,69.08,69.08,214,120,43.93,82.66,120,53,55.83,92.34,53,0,100.00,100.00,0,0,0.00,100.00,no matches,no matches
4CDD-GDI,4CDD,N#C[C@@H](NC(=O)[C@@H]1CCCCN1C(=O)c1ccc(-c2ccccc2C#N)cc1),Aromatic nitrile (cathepsin-like),False,692,692,214,69.08,69.08,214,120,43.93,82.66,120,51,57.50,92.63,51,0,100.00,100.00,0,0,0.00,100.00,no matches,no matches
4CDE-U6B,4CDE,N#C[C@@H](N([H])C(=O)[C@@H](CC1=CC=CC=C1)NC(=O)OC(C)(C)C)C1=CC=C(C2=CC=CC=C2C#N)C=C1,Carbamate (amide-like),True,690,690,213,69.13,69.13,213,120,43.66,82.61,120,54,55.00,92.17,54,0,100.00,100.00,0,0,0.00,100.00,no matches,no matches
4CDE-U6B,4CDE,N#C[C@@H](N([H])C(=O)[C@@H](CC1=CC=CC=C1)NC(=O)OC(C)(C)C)C1=CC=C(C2=CC=CC=C2C#N)C=C1,Carbamate (amide-like),False,690,690,213,69.13,69.13,213,120,43.66,82.61,120,52,56.67,92.46,52,0,100.00,100.00,0,0,0.00,100.00,no matches,no matches
4CDE-U6B,4CDE,N#C[C@@H](N([H])C(=O)[C@@H](CC1=CC=CC=C1)NC(=O)OC(C)(C)C)C1=CC=C(C2=CC=CC=C2C#N)C=C1,Nitrile (electrophilic),True,690,690,213,69.13,69.13,213,120,43.66,82.61,120,54,55.00,92.17,54,8,85.19,98.84,8,8,0.00,98.84,True,True
4CDE-U6B,4CDE,N#C[C@@H](N([H])C(=O)[C@@H](CC1=CC=CC=C1)NC(=O)OC(C)(C)C)C1=CC=C(C2=CC=CC=C2C#N)C=C1,Nitrile (electrophilic),False,690,690,213,69.13,69.13,213,120,43.66,82.61,120,56,53.33,91.88,56,39,30.36,94.35,39,8,79.49,98.84,True,True
4CDE-U6B,4CDE,N#C[C@@H](N([H])C(=O)[C@@H](CC1=CC=CC=C1)NC(=O)OC(C)(C)C)C1=CC=C(C2=CC=CC=C2C#N)C=C1,Aromatic nitrile (cathepsin-like),True,690,690,213,69.13,69.13,213,120,43.66,82.61,120,54,55.00,92.17,54,0,100.00,100.00,0,0,0.00,100.00,no matches,no matches
4CDE-U6B,4CDE,N#C[C@@H](N([H])C(=O)[C@@H](CC1=CC=CC=C1)NC(=O)OC(C)(C)C)C1=CC=C(C2=CC=CC=C2C#N)C=C1,Aromatic nitrile (cathepsin-like),False,690,690,213,69.13,69.13,213,120,43.66,82.61,120,66,45.00,90.43,66,0,100.00,100.00,0,0,0.00,100.00,no matches,no matches
4CDF-W2C,4CDF,N#C[C@@H](N)Cc1ccc(Oc2ccccc2)cc1,Nitrile (electrophilic),True,699,699,217,68.96,68.96,217,125,42.40,82.12,125,56,55.20,91.99,56,8,85.71,98.86,8,8,0.00,98.86,True,True
4CDF-W2C,4CDF,N#C[C@@H](N)Cc1ccc(Oc2ccccc2)cc1,Nitrile (electrophilic),False,699,699,217,68.96,68.96,217,125,42.40,82.12,125,65,48.00,90.70,65,65,0.00,90.70,65,8,87.69,98.86,True,True
4DMY-0LC,4DMY,[H]c1c(F)c([H])c2c3c(n([H])c2c1[H])C([H])([H])C([H])([H])N(C(=O)[C@]1([H])C([H])([H])C([H])([H])C([H])([H])C([H])([H])[C@@]1([H])C(=O)N([H])/C(=C\[H])C#N)C3([H])[H],Nitrile (electrophilic),True,430,430,126,70.70,70.70,126,76,39.68,82.33,76,42,44.74,90.23,42,6,85.71,98.60,6,6,0.00,98.60,True,True
4DMY-0LC,4DMY,[H]c1c(F)c([H])c2c3c(n([H])c2c1[H])C([H])([H])C([H])([H])N(C(=O)[C@]1([H])C([H])([H])C([H])([H])C([H])([H])C([H])([H])[C@@]1([H])C(=O)N([H])/C(=C\[H])C#N)C3([H])[H],Nitrile (electrophilic),False,430,430,126,70.70,70.70,126,76,39.68,82.33,76,23,69.74,94.65,23,14,39.13,96.74,14,6,57.14,98.60,True,True
4MZO-2EW,4MZO,N#CC([H])([H])N([H])C(=O)[C@]1([H])C([H])([H])N(S(=O)(=O)c2c([H])c([H])c([H])c([H])c2[H])C([H])([H])[C@@]1([H])C(=O)N1C([H])([H])C([H])([H])OC([H])([H])C1([H])[H],Nitrile (electrophilic),True,1746,1746,562,67.81,67.81,562,311,44.66,82.19,311,158,49.20,90.95,158,23,85.44,98.68,23,23,0.00,98.68,True,True
4MZO-2EW,4MZO,N#CC([H])([H])N([H])C(=O)[C@]1([H])C([H])([H])N(S(=O)(=O)c2c([H])c([H])c([H])c([H])c2[H])C([H])([H])[C@@]1([H])C(=O)N1C([H])([H])C([H])([H])OC([H])([H])C1([H])[H],Nitrile (electrophilic),False,1746,1746,562,67.81,67.81,562,311,44.66,82.19,311,141,54.66,91.92,141,141,0.00,91.92,141,23,83.69,98.68,True,True
4MZO-2EW,4MZO,N#CC([H])([H])N([H])C(=O)[C@]1([H])C([H])([H])N(S(=O)(=O)c2c([H])c([H])c([H])c([H])c2[H])C([H])([H])[C@@]1([H])C(=O)N1C([H])([H])C([H])([H])OC([H])([H])C1([H])[H],Sulfonamide (activated),True,1746,1746,562,67.81,67.81,562,311,44.66,82.19,311,158,49.20,90.95,158,0,100.00,100.00,0,0,0.00,100.00,no matches,no matches
4MZO-2EW,4MZO,N#CC([H])([H])N([H])C(=O)[C@]1([H])C([H])([H])N(S(=O)(=O)c2c([H])c([H])c([H])c([H])c2[H])C([H])([H])[C@@]1([H])C(=O)N1C([H])([H])C([H])([H])OC([H])([H])C1([H])[H],Sulfonamide (activated),False,1746,1746,562,67.81,67.81,562,311,44.66,82.19,311,141,54.66,91.92,141,0,100.00,100.00,0,0,0.00,100.00,no matches,no matches
4MZS-2EV,4MZS,N#CC([H])([H])N([H])C(=O)[C@]1([H])C([H])([H])N(S(=O)(=O)c2c([H])c([H])c([H])c([H])c2Cl)C([H])([H])[C@@]1([H])C(=O)N1C([H])([H])C([H])([H])OC([H])([H])C1([H])[H],Nitrile (electrophilic),True,436,436,140,67.89,67.89,140,81,42.14,81.42,81,40,50.62,90.83,40,6,85.00,98.62,6,6,0.00,98.62,True,True
4MZS-2EV,4MZS,N#CC([H])([H])N([H])C(=O)[C@]1([H])C([H])([H])N(S(=O)(=O)c2c([H])c([H])c([H])c([H])c2Cl)C([H])([H])[C@@]1([H])C(=O)N1C([H])([H])C([H])([H])OC([H])([H])C1([H])[H],Nitrile (electrophilic),False,436,436,140,67.89,67.89,140,81,42.14,81.42,81,29,64.20,93.35,29,25,13.79,94.27,25,6,76.00,98.62,True,True
4MZS-2EV,4MZS,N#CC([H])([H])N([H])C(=O)[C@]1([H])C([H])([H])N(S(=O)(=O)c2c([H])c([H])c([H])c([H])c2Cl)C([H])([H])[C@@]1([H])C(=O)N1C([H])([H])C([H])([H])OC([H])([H])C1([H])[H],Sulfonamide (activated),True,436,436,140,67.89,67.89,140,81,42.14,81.42,81,57,29.63,86.93,57,0,100.00,100.00,0,0,0.00,100.00,no matches,no matches
4MZS-2EV,4MZS,N#CC([H])([H])N([H])C(=O)[C@]1([H])C([H])([H])N(S(=O)(=O)c2c([H])c([H])c([H])c([H])c2Cl)C([H])([H])[C@@]1([H])C(=O)N1C([H])([H])C([H])([H])OC([H])([H])C1([H])[H],Sulfonamide (activated),False,436,436,140,67.89,67.89,140,81,42.14,81.42,81,42,48.15,90.37,42,0,100.00,100.00,0,0,0.00,100.00,no matches,no matches
4PIQ-3FS,4PIQ,N#CC([H])([H])N([H])C(=O)C([H])([H])N([H])C(=O)[C@@]([H])(N([H])C(=O)C([H])([H])c1c([H])c(Cl)c([H])c(Cl)c1[H])[C@]([H])(O[H])C([H])([H])[H],Nitrile (electrophilic),True,215,215,56,73.95,73.95,56,31,44.64,85.58,31,15,51.61,93.02,15,2,86.67,99.07,2,2,0.00,99.07,True,True
4PIQ-3FS,4PIQ,N#CC([H])([H])N([H])C(=O)C([H])([H])N([H])C(=O)[C@@]([H])(N([H])C(=O)C([H])([H])c1c([H])c(Cl)c([H])c(Cl)c1[H])[C@]([H])(O[H])C([H])([H])[H],Nitrile (electrophilic),False,215,215,56,73.95,73.95,56,31,44.64,85.58,31,15,51.61,93.02,15,15,0.00,93.02,15,2,86.67,99.07,True,True
4PIS-3FU,4PIS,N#Cc1nc([H])c([H])c(C([H])([H])N([H])C(=O)[C@@]([H])(N([H])C(=O)[C@@]([H])(c2c([H])c(Cl)c([H])c(Cl)c2[H])N(C([H])([H])[H])C([H])([H])[H])[C@@]([H])(C([H])([H])[H])C([H])([H])C([H])([H])[H])n1,Nitrile (electrophilic),True,215,215,56,73.95,73.95,56,30,46.43,86.05,30,15,50.00,93.02,15,1,93.33,99.53,1,1,0.00,99.53,False,False
4PIS-3FU,4PIS,N#Cc1nc([H])c([H])c(C([H])([H])N([H])C(=O)[C@@]([H])(N([H])C(=O)[C@@]([H])(c2c([H])c(Cl)c([H])c(Cl)c2[H])N(C([H])([H])[H])C([H])([H])[H])[C@@]([H])(C([H])([H])[H])C([H])([H])C([H])([H])[H])n1,Nitrile (electrophilic),False,215,215,56,73.95,73.95,56,30,46.43,86.05,30,9,70.00,95.81,9,1,88.89,99.53,1,1,0.00,99.53,False,False
4PIS-3FU,4PIS,N#Cc1nc([H])c([H])c(C([H])([H])N([H])C(=O)[C@@]([H])(N([H])C(=O)[C@@]([H])(c2c([H])c(Cl)c([H])c(Cl)c2[H])N(C([H])([H])[H])C([H])([H])[H])[C@@]([H])(C([H])([H])[H])C([H])([H])C([H])([H])[H])n1,Aromatic nitrile (cathepsin-like),True,215,215,56,73.95,73.95,56,30,46.43,86.05,30,11,63.33,94.88,11,0,100.00,100.00,0,0,0.00,100.00,no matches,no matches
4PIS-3FU,4PIS,N#Cc1nc([H])c([H])c(C([H])([H])N([H])C(=O)[C@@]([H])(N([H])C(=O)[C@@]([H])(c2c([H])c(Cl)c([H])c(Cl)c2[H])N(C([H])([H])[H])C([H])([H])[H])[C@@]([H])(C([H])([H])[H])C([H])([H])C([H])([H])[H])n1,Aromatic nitrile (cathepsin-like),False,215,215,56,73.95,73.95,56,30,46.43,86.05,30,16,46.67,92.56,16,0,100.00,100.00,0,0,0.00,100.00,no matches,no matches
4WX7-3VJ,4WX7,N#CC([H])([H])N([H])C(=O)C([H])([H])N([H])C(=O)c1c([H])c([H])c(OC([H])([H])[H])c(C(=O)C(c2c([H])c(Cl)c([H])c(Cl)c2[H])(C([H])([H])[H])C([H])([H])[H])c1[H],Ketone (reactive),True,430,430,112,73.95,73.95,112,58,48.21,86.51,58,30,48.28,93.02,30,15,50.00,96.51,15,3,80.00,99.30,True,True
4WX7-3VJ,4WX7,N#CC([H])([H])N([H])C(=O)C([H])([H])N([H])C(=O)c1c([H])c([H])c(OC([H])([H])[H])c(C(=O)C(c2c([H])c(Cl)c([H])c(Cl)c2[H])(C([H])([H])[H])C([H])([H])[H])c1[H],Ketone (reactive),False,430,430,112,73.95,73.95,112,58,48.21,86.51,58,27,53.45,93.72,27,27,0.00,93.72,27,3,88.89,99.30,True,True
4WX7-3VJ,4WX7,N#CC([H])([H])N([H])C(=O)C([H])([H])N([H])C(=O)c1c([H])c([H])c(OC([H])([H])[H])c(C(=O)C(c2c([H])c(Cl)c([H])c(Cl)c2[H])(C([H])([H])[H])C([H])([H])[H])c1[H],Nitrile (electrophilic),True,430,430,112,73.95,73.95,112,58,48.21,86.51,58,30,48.28,93.02,30,3,90.00,99.30,3,3,0.00,99.30,True,True
4WX7-3VJ,4WX7,N#CC([H])([H])N([H])C(=O)C([H])([H])N([H])C(=O)c1c([H])c([H])c(OC([H])([H])[H])c(C(=O)C(c2c([H])c(Cl)c([H])c(Cl)c2[H])(C([H])([H])[H])C([H])([H])[H])c1[H],Nitrile (electrophilic),False,430,430,112,73.95,73.95,112,58,48.21,86.51,58,24,58.62,94.42,24,8,66.67,98.14,8,0,100.00,100.00,False,no matches
4X6J-3Y2,4X6J,N#CC([H])([H])N([H])C(=O)C1(N([H])C(=O)c2c([H])c([H])c(Cl)c([H])c2N([H])[H])C([H])([H])C([H])([H])C([H])([H])C([H])([H])C1([H])[H],Nitrile (electrophilic),True,215,215,63,70.70,70.70,63,39,38.10,81.86,39,27,30.77,87.44,27,3,88.89,98.60,3,3,0.00,98.60,True,True
4X6J-3Y2,4X6J,N#CC([H])([H])N([H])C(=O)C1(N([H])C(=O)c2c([H])c([H])c(Cl)c([H])c2N([H])[H])C([H])([H])C([H])([H])C([H])([H])C([H])([H])C1([H])[H],Nitrile (electrophilic),False,215,215,63,70.70,70.70,63,39,38.10,81.86,39,15,61.54,93.02,15,15,0.00,93.02,15,3,80.00,98.60,True,True
5MQY-GH4,5MQY,N#Cc1nc([H])c(F)c(N(C([H])([H])c2c([H])c([H])c3c(c2[H])OC([H])([H])O3)C([H])([H])C([H])([H])Oc2c([H])c([H])c([H])c([H])c2[H])n1,Nitrile (electrophilic),True,216,216,62,71.30,71.30,62,36,41.94,83.33,36,15,58.33,93.06,15,3,80.00,98.61,3,3,0.00,98.61,True,True
5MQY-GH4,5MQY,N#Cc1nc([H])c(F)c(N(C([H])([H])c2c([H])c([H])c3c(c2[H])OC([H])([H])O3)C([H])([H])C([H])([H])Oc2c([H])c([H])c([H])c([H])c2[H])n1,Nitrile (electrophilic),False,216,216,62,71.30,71.30,62,36,41.94,83.33,36,21,41.67,90.28,21,16,23.81,92.59,16,0,100.00,100.00,False,no matches
5MQY-GH4,5MQY,N#Cc1nc([H])c(F)c(N(C([H])([H])c2c([H])c([H])c3c(c2[H])OC([H])([H])O3)C([H])([H])C([H])([H])Oc2c([H])c([H])c([H])c([H])c2[H])n1,Aromatic nitrile (cathepsin-like),True,216,216,62,71.30,71.30,62,36,41.94,83.33,36,15,58.33,93.06,15,0,100.00,100.00,0,0,0.00,100.00,no matches,no matches
5MQY-GH4,5MQY,N#Cc1nc([H])c(F)c(N(C([H])([H])c2c([H])c([H])c3c(c2[H])OC([H])([H])O3)C([H])([H])C([H])([H])Oc2c([H])c([H])c([H])c([H])c2[H])n1,Aromatic nitrile (cathepsin-like),False,216,216,62,71.30,71.30,62,36,41.94,83.33,36,16,55.56,92.59,16,0,100.00,100.00,0,0,0.00,100.00,no matches,no matches
5TDI-7AS,5TDI,N#CC1(N([H])C(=O)[C@@]([H])(N([H])[C@@]([H])(c2c([H])c([H])c(-c3c([H])c([H])c(S(=O)(=O)C([H])([H])[H])c([H])c3[H])c([H])c2[H])C(F)(F)F)C([H])([H])C(F)(C([H])([H])[H])C([H])([H])[H])C([H])([H])C1([H])[H],Nitrile (electrophilic),True,215,215,62,71.16,71.16,62,39,37.10,81.86,39,21,46.15,90.23,21,3,85.71,98.60,3,3,0.00,98.60,True,True
5TDI-7AS,5TDI,N#CC1(N([H])C(=O)[C@@]([H])(N([H])[C@@]([H])(c2c([H])c([H])c(-c3c([H])c([H])c(S(=O)(=O)C([H])([H])[H])c([H])c3[H])c([H])c2[H])C(F)(F)F)C([H])([H])C(F)(C([H])([H])[H])C([H])([H])[H])C([H])([H])C1([H])[H],Nitrile (electrophilic),False,215,215,62,71.16,71.16,62,39,37.10,81.86,39,13,66.67,93.95,13,13,0.00,93.95,13,0,100.00,100.00,False,no matches
1F4C-TP2,1F4C,[H]SSC([H])([H])C([H])([H])N([H])C(=O)[C@]1([H])N(S(=O)(=O)c2c([H])c([H])c(C([H])([H])[H])c([H])c2[H])C([H])([H])C([H])([H])C1([H])[H],No warhead found,,,,,,,,,,,,,,,,,,,,,,,,
2IJN-221,2IJN,[H]SSC([H])(N([H])c1c([H])c(C(F)(F)F)c([H])c(C(F)(F)F)c1[H])[C@@]([H])(C#N)C(=O)N([H])[H],Nitrile (electrophilic),True,1120,1120,347,69.02,69.02,347,206,40.63,81.61,206,92,55.34,91.79,92,10,89.13,99.11,10,10,0.00,99.11,True,True
2IJN-221,2IJN,[H]SSC([H])(N([H])c1c([H])c(C(F)(F)F)c([H])c(C(F)(F)F)c1[H])[C@@]([H])(C#N)C(=O)N([H])[H],Nitrile (electrophilic),False,1120,1120,347,69.02,69.02,347,206,40.63,81.61,206,75,63.59,93.30,75,39,48.00,96.52,39,0,100.00,100.00,False,no matches
2IJN-221,2IJN,[H]SSC([H])(N([H])c1c([H])c(C(F)(F)F)c([H])c(C(F)(F)F)c1[H])[C@@]([H])(C#N)C(=O)N([H])[H],Disulfide,True,1120,1120,347,69.02,69.02,347,206,40.63,81.61,206,76,63.11,93.21,76,10,86.84,99.11,10,10,0.00,99.11,True,True
2IJN-221,2IJN,[H]SSC([H])(N([H])c1c([H])c(C(F)(F)F)c([H])c(C(F)(F)F)c1[H])[C@@]([H])(C#N)C(=O)N([H])[H],Disulfide,False,1120,1120,347,69.02,69.02,347,206,40.63,81.61,206,101,50.97,90.98,101,65,35.64,94.20,65,0,100.00,100.00,False,no matches
4LUC-20G,4LUC,SSc1ccccn1,Disulfide,True,336,336,92,72.62,72.62,92,67,27.17,80.06,67,26,61.19,92.26,26,2,92.31,99.40,2,2,0.00,99.40,True,True
4LUC-20G,4LUC,SSc1ccccn1,Disulfide,False,336,336,92,72.62,72.62,92,67,27.17,80.06,67,32,52.24,90.48,32,32,0.00,90.48,32,2,93.75,99.40,True,True
4LV6-20H,4LV6,SSCc1ccccn1.[H]SC([H])([H])C([H])([H])N([H])C(=O)C1([H])C([H])([H])C([H])([H])N(C(=O)C([H])([H])Oc2c([H])c([H])c(Cl)c([H])c2Cl)C([H])([H])C1([H])[H],Disulfide,True,335,335,92,72.54,72.54,92,68,26.09,79.70,68,32,52.94,90.45,32,2,93.75,99.40,2,2,0.00,99.40,True,True
4LV6-20H,4LV6,SSCc1ccccn1.[H]SC([H])([H])C([H])([H])N([H])C(=O)C1([H])C([H])([H])C([H])([H])N(C(=O)C([H])([H])Oc2c([H])c([H])c(Cl)c([H])c2Cl)C([H])([H])C1([H])[H],Disulfide,False,335,335,92,72.54,72.54,92,68,26.09,79.70,68,18,73.53,94.63,18,12,33.33,96.42,12,2,83.33,99.40,True,True
4PE1-DCD,4PE1,[H]SSC(=S)N(C([H])([H])C([H])([H])[H])C([H])([H])C([H])([H])[H],Disulfide,True,179,179,46,74.30,74.30,46,35,23.91,80.45,35,25,28.57,86.03,25,2,92.00,98.88,2,2,0.00,98.88,True,True
4PE1-DCD,4PE1,[H]SSC(=S)N(C([H])([H])C([H])([H])[H])C([H])([H])C([H])([H])[H],Disulfide,False,179,179,46,74.30,74.30,46,35,23.91,80.45,35,12,65.71,93.30,12,12,0.00,93.30,12,2,83.33,98.88,True,True
1F29-VS1,1F29,O=C(N[C@@H](CCC=CS(=O)(=O)c1ccccc1)C(=O)O)c1ccc(F)cc1,Vinyl sulfone,True,645,645,171,73.49,73.49,171,89,47.95,86.20,89,18,79.78,97.21,18,12,33.33,98.14,12,9,25.00,98.60,True,True
1F29-VS1,1F29,O=C(N[C@@H](CCC=CS(=O)(=O)c1ccccc1)C(=O)O)c1ccc(F)cc1,Vinyl sulfone,False,645,645,171,73.49,73.49,171,89,47.95,86.20,89,77,13.48,88.06,77,77,0.00,88.06,77,9,88.31,98.60,True,True
1F2A-VS2,1F2A,[H]c1c([H])c([H])c(C([H])([H])OC(=O)N([H])[C@]([H])(C(=O)N([H])[C@@]([H])(C([H])([H])C([H])([H])c2c([H])c([H])c([H])c([H])c2[H])C([H])([H])C([H])([H])S(=O)(=O)C([H])=C([H])[H])C([H])([H])c2c([H])c([H])c([H])c([H])c2[H])c([H])c1[H],Vinyl sulfone,True,215,215,57,73.49,73.49,57,29,49.12,86.51,29,6,79.31,97.21,6,4,33.33,98.14,4,3,25.00,98.60,True,True
1F2A-VS2,1F2A,[H]c1c([H])c([H])c(C([H])([H])OC(=O)N([H])[C@]([H])(C(=O)N([H])[C@@]([H])(C([H])([H])C([H])([H])c2c([H])c([H])c([H])c([H])c2[H])C([H])([H])C([H])([H])S(=O)(=O)C([H])=C([H])[H])C([H])([H])c2c([H])c([H])c([H])c([H])c2[H])c([H])c1[H],Vinyl sulfone,False,215,215,57,73.49,73.49,57,29,49.12,86.51,29,25,13.79,88.37,25,25,0.00,88.37,25,3,88.00,98.60,True,True
1F2A-VS2,1F2A,[H]c1c([H])c([H])c(C([H])([H])OC(=O)N([H])[C@]([H])(C(=O)N([H])[C@@]([H])(C([H])([H])C([H])([H])c2c([H])c([H])c([H])c([H])c2[H])C([H])([H])C([H])([H])S(=O)(=O)C([H])=C([H])[H])C([H])([H])c2c([H])c([H])c([H])c([H])c2[H])c([H])c1[H],Carbamate (amide-like),True,215,215,57,73.49,73.49,57,29,49.12,86.51,29,6,79.31,97.21,6,0,100.00,100.00,0,0,0.00,100.00,no matches,no matches
1F2A-VS2,1F2A,[H]c1c([H])c([H])c(C([H])([H])OC(=O)N([H])[C@]([H])(C(=O)N([H])[C@@]([H])(C([H])([H])C([H])([H])c2c([H])c([H])c([H])c([H])c2[H])C([H])([H])C([H])([H])S(=O)(=O)C([H])=C([H])[H])C([H])([H])c2c([H])c([H])c([H])c([H])c2[H])c([H])c1[H],Carbamate (amide-like),False,215,215,57,73.49,73.49,57,29,49.12,86.51,29,25,13.79,88.37,25,0,100.00,100.00,0,0,0.00,100.00,no matches,no matches
1MEM-0D6,1MEM,C(=C/c1ccccc1)\C(=O)N[C@@H](CC=CS(=O)(=O)c1ccccc1)C(=O)O,Alpha-beta unsaturated carbonyl (Michael acceptor),True,215,215,63,70.70,70.70,63,40,36.51,81.40,40,21,47.50,90.23,21,3,85.71,98.60,3,3,0.00,98.60,True,True
1MEM-0D6,1MEM,C(=C/c1ccccc1)\C(=O)N[C@@H](CC=CS(=O)(=O)c1ccccc1)C(=O)O,Alpha-beta unsaturated carbonyl (Michael acceptor),False,215,215,63,70.70,70.70,63,40,36.51,81.40,40,13,67.50,93.95,13,13,0.00,93.95,13,3,76.92,98.60,True,True
1MEM-0D6,1MEM,C(=C/c1ccccc1)\C(=O)N[C@@H](CC=CS(=O)(=O)c1ccccc1)C(=O)O,Acrylamide warhead,True,215,215,63,70.70,70.70,63,40,36.51,81.40,40,21,47.50,90.23,21,3,85.71,98.60,3,3,0.00,98.60,True,True
1MEM-0D6,1MEM,C(=C/c1ccccc1)\C(=O)N[C@@H](CC=CS(=O)(=O)c1ccccc1)C(=O)O,Acrylamide warhead,False,215,215,63,70.70,70.70,63,40,36.51,81.40,40,13,67.50,93.95,13,13,0.00,93.95,13,3,76.92,98.60,True,True
1MEM-0D6,1MEM,C(=C/c1ccccc1)\C(=O)N[C@@H](CC=CS(=O)(=O)c1ccccc1)C(=O)O,Vinyl sulfone,True,215,215,63,70.70,70.70,63,40,36.51,81.40,40,21,47.50,90.23,21,3,85.71,98.60,3,3,0.00,98.60,True,True
1MEM-0D6,1MEM,C(=C/c1ccccc1)\C(=O)N[C@@H](CC=CS(=O)(=O)c1ccccc1)C(=O)O,Vinyl sulfone,False,215,215,63,70.70,70.70,63,40,36.51,81.40,40,9,77.50,95.81,9,9,0.00,95.81,9,3,66.67,98.60,True,True
1NPZ-C1P,1NPZ,C(=CC(=O)c1ccccc1)/C=C/S(=O)(=O)c1ccccc1,Alpha-beta unsaturated carbonyl (Michael acceptor),True,434,434,142,67.28,67.28,142,81,42.96,81.34,81,42,48.15,90.32,42,10,76.19,97.70,10,6,40.00,98.62,True,True
1NPZ-C1P,1NPZ,C(=CC(=O)c1ccccc1)/C=C/S(=O)(=O)c1ccccc1,Alpha-beta unsaturated carbonyl (Michael acceptor),False,434,434,142,67.28,67.28,142,81,42.96,81.34,81,29,64.20,93.32,29,29,0.00,93.32,29,0,100.00,100.00,False,no matches
1NPZ-C1P,1NPZ,C(=CC(=O)c1ccccc1)/C=C/S(=O)(=O)c1ccccc1,Vinyl sulfone,True,434,434,142,67.28,67.28,142,81,42.96,81.34,81,42,48.15,90.32,42,10,76.19,97.70,10,6,40.00,98.62,True,True
1NPZ-C1P,1NPZ,C(=CC(=O)c1ccccc1)/C=C/S(=O)(=O)c1ccccc1,Vinyl sulfone,False,434,434,142,67.28,67.28,142,81,42.96,81.34,81,29,64.20,93.32,29,29,0.00,93.32,29,0,100.00,100.00,False,no matches
1NPZ-C1P,1NPZ,C(=CC(=O)c1ccccc1)/C=C/S(=O)(=O)c1ccccc1,Ketone (reactive),True,434,434,142,67.28,67.28,142,81,42.96,81.34,81,42,48.15,90.32,42,10,76.19,97.70,10,6,40.00,98.62,True,True
1NPZ-C1P,1NPZ,C(=CC(=O)c1ccccc1)/C=C/S(=O)(=O)c1ccccc1,Ketone (reactive),False,434,434,142,67.28,67.28,142,81,42.96,81.34,81,31,61.73,92.86,31,31,0.00,92.86,31,6,80.65,98.62,True,True
2AWZ-5H,2AWZ,O=C1SC(=S)N1/C=C/c1ccc(OC)cc1,No warhead found,,,,,,,,,,,,,,,,,,,,,,,,
2AX1-5EE,2AX1,N2C(=O)/C(=C\c3ccccc3)SC2=S,Alpha-beta unsaturated carbonyl (Michael acceptor),True,1115,1115,343,69.24,69.24,343,203,40.82,81.79,203,89,56.16,92.02,89,31,65.17,97.22,31,9,70.97,99.19,True,True
2AX1-5EE,2AX1,N2C(=O)/C(=C\c3ccccc3)SC2=S,Alpha-beta unsaturated carbonyl (Michael acceptor),False,1115,1115,343,69.24,69.24,343,203,40.82,81.79,203,71,65.02,93.63,71,71,0.00,93.63,71,9,87.32,99.19,True,True
2AX1-5EE,2AX1,N2C(=O)/C(=C\c3ccccc3)SC2=S,Acrylamide warhead,True,1115,1115,343,69.24,69.24,343,203,40.82,81.79,203,89,56.16,92.02,89,31,65.17,97.22,31,9,70.97,99.19,True,True
2AX1-5EE,2AX1,N2C(=O)/C(=C\c3ccccc3)SC2=S,Acrylamide warhead,False,1115,1115,343,69.24,69.24,343,203,40.82,81.79,203,71,65.02,93.63,71,71,0.00,93.63,71,9,87.32,99.19,True,True
2G6D-MQQ,2G6D,O=C(N[C@@H](CC=CS(=O)(=O)c1ccccc1)C(=O)N1CCOCC1)c1ccccc1,Vinyl sulfone,True,217,217,71,67.28,67.28,71,43,39.44,80.18,43,26,39.53,88.02,26,10,61.54,95.39,10,3,70.00,98.62,True,True
2G6D-MQQ,2G6D,O=C(N[C@@H](CC=CS(=O)(=O)c1ccccc1)C(=O)N1CCOCC1)c1ccccc1,Vinyl sulfone,False,217,217,71,67.28,67.28,71,43,39.44,80.18,43,18,58.14,91.71,18,18,0.00,91.71,18,3,83.33,98.62,True,True
3HD3-25B,3HD3,C(=C/c1ccccc1S(=O)(=O))\[C@@H](NC(=O)C1CCCCC1=O)c1ccc(Cl)cc1,Ketone (reactive),True,429,429,110,74.36,74.36,110,60,45.45,86.01,60,13,78.33,96.97,13,9,30.77,97.90,9,6,33.33,98.60,True,True
3HD3-25B,3HD3,C(=C/c1ccccc1S(=O)(=O))\[C@@H](NC(=O)C1CCCCC1=O)c1ccc(Cl)cc1,Ketone (reactive),False,429,429,110,74.36,74.36,110,60,45.45,86.01,60,46,23.33,89.28,46,46,0.00,89.28,46,0,100.00,100.00,False,no matches
3SZ9-I3E,3SZ9,CCCc1ccc(C(=O)C=C)cc1,Alpha-beta unsaturated carbonyl (Michael acceptor),True,3953,3953,880,77.74,77.74,880,426,51.59,89.22,426,206,51.64,94.79,206,39,81.07,99.01,39,16,58.97,99.60,True,True
3SZ9-I3E,3SZ9,CCCc1ccc(C(=O)C=C)cc1,Alpha-beta unsaturated carbonyl (Michael acceptor),False,3953,3953,880,77.74,77.74,880,426,51.59,89.22,426,116,72.77,97.07,116,116,0.00,97.07,116,16,86.21,99.60,True,True
3SZ9-I3E,3SZ9,CCCc1ccc(C(=O)C=C)cc1,Ketone (reactive),True,3953,3953,880,77.74,77.74,880,426,51.59,89.22,426,241,43.43,93.90,241,74,69.29,98.13,74,16,78.38,99.60,True,True
3SZ9-I3E,3SZ9,CCCc1ccc(C(=O)C=C)cc1,Ketone (reactive),False,3953,3953,880,77.74,77.74,880,426,51.59,89.22,426,220,48.36,94.43,220,220,0.00,94.43,220,0,100.00,100.00,False,no matches
3SZB-I1E,3SZB,[H]c1c([H])c([H])c(C(=O)C([H])=C([H])[H])c([H])c1[H],Alpha-beta unsaturated carbonyl (Michael acceptor),True,899,899,223,75.19,75.19,223,116,47.98,87.10,116,62,46.55,93.10,62,15,75.81,98.33,15,4,73.33,99.56,True,True
3SZB-I1E,3SZB,[H]c1c([H])c([H])c(C(=O)C([H])=C([H])[H])c([H])c1[H],Alpha-beta unsaturated carbonyl (Michael acceptor),False,899,899,223,75.19,75.19,223,116,47.98,87.10,116,46,60.34,94.88,46,46,0.00,94.88,46,0,100.00,100.00,False,no matches
3SZB-I1E,3SZB,[H]c1c([H])c([H])c(C(=O)C([H])=C([H])[H])c([H])c1[H],Ketone (reactive),True,899,899,223,75.19,75.19,223,116,47.98,87.10,116,62,46.55,93.10,62,15,75.81,98.33,15,4,73.33,99.56,True,True
3SZB-I1E,3SZB,[H]c1c([H])c([H])c(C(=O)C([H])=C([H])[H])c([H])c1[H],Ketone (reactive),False,899,899,223,75.19,75.19,223,116,47.98,87.10,116,54,53.45,93.99,54,54,0.00,93.99,54,0,100.00,100.00,False,no matches
3W2P-W2P,3W2P,[H]c1nc(N([H])c2c([H])c([H])c(Oc3c([H])c([H])c([H])c(C(F)(F)F)c3[H])c(Cl)c2[H])c2c(n1)c([H])c([H])n2C([H])([H])C([H])([H])N([H])C(=O)C([H])=C([H])C([H])([H])N(C([H])([H])[H])C([H])([H])[H],Alpha-beta unsaturated carbonyl (Michael acceptor),True,308,308,76,75.32,75.32,76,54,28.95,82.47,54,31,42.59,89.94,31,9,70.97,97.08,9,1,88.89,99.68,True,True
3W2P-W2P,3W2P,[H]c1nc(N([H])c2c([H])c([H])c(Oc3c([H])c([H])c([H])c(C(F)(F)F)c3[H])c(Cl)c2[H])c2c(n1)c([H])c([H])n2C([H])([H])C([H])([H])N([H])C(=O)C([H])=C([H])C([H])([H])N(C([H])([H])[H])C([H])([H])[H],Alpha-beta unsaturated carbonyl (Michael acceptor),False,308,308,76,75.32,75.32,76,54,28.95,82.47,54,17,68.52,94.48,17,17,0.00,94.48,17,1,94.12,99.68,True,True
3W2P-W2P,3W2P,[H]c1nc(N([H])c2c([H])c([H])c(Oc3c([H])c([H])c([H])c(C(F)(F)F)c3[H])c(Cl)c2[H])c2c(n1)c([H])c([H])n2C([H])([H])C([H])([H])N([H])C(=O)C([H])=C([H])C([H])([H])N(C([H])([H])[H])C([H])([H])[H],Acrylamide warhead,True,308,308,76,75.32,75.32,76,54,28.95,82.47,54,31,42.59,89.94,31,9,70.97,97.08,9,1,88.89,99.68,True,True
3W2P-W2P,3W2P,[H]c1nc(N([H])c2c([H])c([H])c(Oc3c([H])c([H])c([H])c(C(F)(F)F)c3[H])c(Cl)c2[H])c2c(n1)c([H])c([H])n2C([H])([H])C([H])([H])N([H])C(=O)C([H])=C([H])C([H])([H])N(C([H])([H])[H])C([H])([H])[H],Acrylamide warhead,False,308,308,76,75.32,75.32,76,54,28.95,82.47,54,17,68.52,94.48,17,17,0.00,94.48,17,1,94.12,99.68,True,True
3ZV9-G74,3ZV9,O=C1C(=CC(=O)N1)c1ccc(Cl)cc1,Alpha-beta unsaturated carbonyl (Michael acceptor),True,189,189,53,71.96,71.96,53,37,30.19,80.42,37,20,45.95,89.42,20,11,45.00,94.18,11,2,81.82,98.94,True,True
3ZV9-G74,3ZV9,O=C1C(=CC(=O)N1)c1ccc(Cl)cc1,Alpha-beta unsaturated carbonyl (Michael acceptor),False,189,189,53,71.96,71.96,53,37,30.19,80.42,37,22,40.54,88.36,22,22,0.00,88.36,22,0,100.00,100.00,False,no matches
3ZV9-G74,3ZV9,O=C1C(=CC(=O)N1)c1ccc(Cl)cc1,Acrylamide warhead,True,189,189,53,71.96,71.96,53,37,30.19,80.42,37,20,45.95,89.42,20,11,45.00,94.18,11,2,81.82,98.94,True,True
3ZV9-G74,3ZV9,O=C1C(=CC(=O)N1)c1ccc(Cl)cc1,Acrylamide warhead,False,189,189,53,71.96,71.96,53,37,30.19,80.42,37,9,75.68,95.24,9,9,0.00,95.24,9,2,77.78,98.94,True,True
3ZVG-G86,3ZVG,[H]c1c([H])c([H])c(C([H])([H])[C@@]([H])(C(=O)N([H])[C@]([H])(C([H])([H])C([H])([H])C(=O)OC([H])([H])C([H])([H])[H])C([H])([H])[C@@]2([H])C(=O)N([H])C([H])([H])C2([H])[H])N([H])C(=O)/C(=C\[H])[H])c([H])c1[H],Alpha-beta unsaturated carbonyl (Michael acceptor),True,189,189,53,71.96,71.96,53,37,30.19,80.42,37,20,45.95,89.42,20,11,45.00,94.18,11,2,81.82,98.94,True,True
3ZVG-G86,3ZVG,[H]c1c([H])c([H])c(C([H])([H])[C@@]([H])(C(=O)N([H])[C@]([H])(C([H])([H])C([H])([H])C(=O)OC([H])([H])C([H])([H])[H])C([H])([H])[C@@]2([H])C(=O)N([H])C([H])([H])C2([H])[H])N([H])C(=O)/C(=C\[H])[H])c([H])c1[H],Alpha-beta unsaturated carbonyl (Michael acceptor),False,189,189,53,71.96,71.96,53,37,30.19,80.42,37,15,59.46,92.06,15,15,0.00,92.06,15,2,86.67,98.94,True,True
3ZVG-G86,3ZVG,[H]c1c([H])c([H])c(C([H])([H])[C@@]([H])(C(=O)N([H])[C@]([H])(C([H])([H])C([H])([H])C(=O)OC([H])([H])C([H])([H])[H])C([H])([H])[C@@]2([H])C(=O)N([H])C([H])([H])C2([H])[H])N([H])C(=O)/C(=C\[H])[H])c([H])c1[H],Acrylamide warhead,True,189,189,53,71.96,71.96,53,37,30.19,80.42,37,20,45.95,89.42,20,11,45.00,94.18,11,2,81.82,98.94,True,True
3ZVG-G86,3ZVG,[H]c1c([H])c([H])c(C([H])([H])[C@@]([H])(C(=O)N([H])[C@]([H])(C([H])([H])C([H])([H])C(=O)OC([H])([H])C([H])([H])[H])C([H])([H])[C@@]2([H])C(=O)N([H])C([H])([H])C2([H])[H])N([H])C(=O)/C(=C\[H])[H])c([H])c1[H],Acrylamide warhead,False,189,189,53,71.96,71.96,53,37,30.19,80.42,37,15,59.46,92.06,15,15,0.00,92.06,15,2,86.67,98.94,True,True
3ZVG-G86,3ZVG,[H]c1c([H])c([H])c(C([H])([H])[C@@]([H])(C(=O)N([H])[C@]([H])(C([H])([H])C([H])([H])C(=O)OC([H])([H])C([H])([H])[H])C([H])([H])[C@@]2([H])C(=O)N([H])C([H])([H])C2([H])[H])N([H])C(=O)/C(=C\[H])[H])c([H])c1[H],Activated ester,True,189,189,53,71.96,71.96,53,37,30.19,80.42,37,20,45.95,89.42,20,11,45.00,94.18,11,0,100.00,100.00,True,no matches
3ZVG-G86,3ZVG,[H]c1c([H])c([H])c(C([H])([H])[C@@]([H])(C(=O)N([H])[C@]([H])(C([H])([H])C([H])([H])C(=O)OC([H])([H])C([H])([H])[H])C([H])([H])[C@@]2([H])C(=O)N([H])C([H])([H])C2([H])[H])N([H])C(=O)/C(=C\[H])[H])c([H])c1[H],Activated ester,False,189,189,53,71.96,71.96,53,37,30.19,80.42,37,22,40.54,88.36,22,22,0.00,88.36,22,13,40.91,93.12,False,False
4GMX-K85,4GMX,C(=CN1N=NC(=C1)c1ccc(NC(=O)c2ccc(F)cc2)cc1)C(=O)OC(C)C,Alpha-beta unsaturated carbonyl (Michael acceptor),True,1343,1343,340,74.68,74.68,340,207,39.12,84.59,207,108,47.83,91.96,108,15,86.11,98.88,15,2,86.67,99.85,True,True
4GMX-K85,4GMX,C(=CN1N=NC(=C1)c1ccc(NC(=O)c2ccc(F)cc2)cc1)C(=O)OC(C)C,Alpha-beta unsaturated carbonyl (Michael acceptor),False,1343,1343,340,74.68,74.68,340,207,39.12,84.59,207,66,68.12,95.09,66,66,0.00,95.09,66,0,100.00,100.00,False,no matches
4GMX-K85,4GMX,C(=CN1N=NC(=C1)c1ccc(NC(=O)c2ccc(F)cc2)cc1)C(=O)OC(C)C,Activated ester,True,1343,1343,340,74.68,74.68,340,207,39.12,84.59,207,111,46.38,91.73,111,18,83.78,98.66,18,0,100.00,100.00,True,no matches
4GMX-K85,4GMX,C(=CN1N=NC(=C1)c1ccc(NC(=O)c2ccc(F)cc2)cc1)C(=O)OC(C)C,Activated ester,False,1343,1343,340,74.68,74.68,340,207,39.12,84.59,207,85,58.94,93.67,85,85,0.00,93.67,85,83,2.35,93.82,True,False
4HCU-13L,4HCU,O=C(C=C)N1CCC(Nc2ncnc3[nH]ccc23)CC1,Alpha-beta unsaturated carbonyl (Michael acceptor),True,263,263,66,74.90,74.90,66,52,21.21,80.23,52,18,65.38,93.16,18,7,61.11,97.34,7,2,71.43,99.24,True,True
4HCU-13L,4HCU,O=C(C=C)N1CCC(Nc2ncnc3[nH]ccc23)CC1,Alpha-beta unsaturated carbonyl (Michael acceptor),False,263,263,66,74.90,74.90,66,52,21.21,80.23,52,20,61.54,92.40,20,20,0.00,92.40,20,2,90.00,99.24,True,True
4HCU-13L,4HCU,O=C(C=C)N1CCC(Nc2ncnc3[nH]ccc23)CC1,Acrylamide warhead,True,263,263,66,74.90,74.90,66,52,21.21,80.23,52,18,65.38,93.16,18,7,61.11,97.34,7,2,71.43,99.24,True,True
4HCU-13L,4HCU,O=C(C=C)N1CCC(Nc2ncnc3[nH]ccc23)CC1,Acrylamide warhead,False,263,263,66,74.90,74.90,66,52,21.21,80.23,52,20,61.54,92.40,20,20,0.00,92.40,20,2,90.00,99.24,True,True
4HCV-13J,4HCV,[H]c1nc(N([H])[H])c2c(-c3c([H])c([H])c([H])c(C(=O)N([H])c4c([H])c([H])c(C([H])(C([H])([H])[H])C([H])([H])[H])c([H])c4[H])c3[H])nn([C@]3([H])C([H])([H])N(C(=O)C([H])=C[H])C([H])([H])C([H])([H])C3([H])[H])c2n1,Alpha-beta unsaturated carbonyl (Michael acceptor),True,263,263,66,74.90,74.90,66,50,24.24,80.99,50,18,64.00,93.16,18,7,61.11,97.34,7,2,71.43,99.24,True,True
4HCV-13J,4HCV,[H]c1nc(N([H])[H])c2c(-c3c([H])c([H])c([H])c(C(=O)N([H])c4c([H])c([H])c(C([H])(C([H])([H])[H])C([H])([H])[H])c([H])c4[H])c3[H])nn([C@]3([H])C([H])([H])N(C(=O)C([H])=C[H])C([H])([H])C([H])([H])C3([H])[H])c2n1,Alpha-beta unsaturated carbonyl (Michael acceptor),False,263,263,66,74.90,74.90,66,50,24.24,80.99,50,31,38.00,88.21,31,31,0.00,88.21,31,0,100.00,100.00,False,no matches
4HCV-13J,4HCV,[H]c1nc(N([H])[H])c2c(-c3c([H])c([H])c([H])c(C(=O)N([H])c4c([H])c([H])c(C([H])(C([H])([H])[H])C([H])([H])[H])c([H])c4[H])c3[H])nn([C@]3([H])C([H])([H])N(C(=O)C([H])=C[H])C([H])([H])C([H])([H])C3([H])[H])c2n1,Acrylamide warhead,True,263,263,66,74.90,74.90,66,50,24.24,80.99,50,18,64.00,93.16,18,7,61.11,97.34,7,2,71.43,99.24,True,True
4HCV-13J,4HCV,[H]c1nc(N([H])[H])c2c(-c3c([H])c([H])c([H])c(C(=O)N([H])c4c([H])c([H])c(C([H])(C([H])([H])[H])C([H])([H])[H])c([H])c4[H])c3[H])nn([C@]3([H])C([H])([H])N(C(=O)C([H])=C[H])C([H])([H])C([H])([H])C3([H])[H])c2n1,Acrylamide warhead,False,263,263,66,74.90,74.90,66,50,24.24,80.99,50,31,38.00,88.21,31,31,0.00,88.21,31,0,100.00,100.00,False,no matches
4M1O-21J,4M1O,O=C(CN1CCC(NS(=O)(=O)C=C)CC1)Oc1ccccc1,Vinylsulfonamide,True,472,472,130,72.46,72.46,130,100,23.08,78.81,100,46,54.00,90.25,46,15,67.39,96.82,15,3,80.00,99.36,True,True
4M1O-21J,4M1O,O=C(CN1CCC(NS(=O)(=O)C=C)CC1)Oc1ccccc1,Vinylsulfonamide,False,472,472,130,72.46,72.46,130,100,23.08,78.81,100,46,54.00,90.25,46,46,0.00,90.25,46,3,93.48,99.36,True,True
4M1O-21J,4M1O,O=C(CN1CCC(NS(=O)(=O)C=C)CC1)Oc1ccccc1,Phenyl ester,True,472,472,130,72.46,72.46,130,100,23.08,78.81,100,46,54.00,90.25,46,15,67.39,96.82,15,0,100.00,100.00,True,no matches
4M1O-21J,4M1O,O=C(CN1CCC(NS(=O)(=O)C=C)CC1)Oc1ccccc1,Phenyl ester,False,472,472,130,72.46,72.46,130,100,23.08,78.81,100,46,54.00,90.25,46,46,0.00,90.25,46,43,6.52,90.89,True,False
4M1O-21J,4M1O,O=C(CN1CCC(NS(=O)(=O)C=C)CC1)Oc1ccccc1,Activated ester,True,472,472,130,72.46,72.46,130,100,23.08,78.81,100,46,54.00,90.25,46,15,67.39,96.82,15,0,100.00,100.00,True,no matches
4M1O-21J,4M1O,O=C(CN1CCC(NS(=O)(=O)C=C)CC1)Oc1ccccc1,Activated ester,False,472,472,130,72.46,72.46,130,100,23.08,78.81,100,46,54.00,90.25,46,46,0.00,90.25,46,43,6.52,90.89,True,False
4M1O-21J,4M1O,O=C(CN1CCC(NS(=O)(=O)C=C)CC1)Oc1ccccc1,Sulfonamide (activated),True,472,472,130,72.46,72.46,130,100,23.08,78.81,100,46,54.00,90.25,46,0,100.00,100.00,0,0,0.00,100.00,no matches,no matches
4M1O-21J,4M1O,O=C(CN1CCC(NS(=O)(=O)C=C)CC1)Oc1ccccc1,Sulfonamide (activated),False,472,472,130,72.46,72.46,130,100,23.08,78.81,100,46,54.00,90.25,46,0,100.00,100.00,0,0,0.00,100.00,no matches,no matches
4M1S-21K,4M1S,[H]c1c([H])c(N([H])C([H])([H])C(=O)N2C([H])([H])C([H])([H])C([H])(N([H])S(=O)(=O)C([H])=C([H])[H])C([H])([H])C2([H])[H])c(Cl)c([H])c1Cl,Vinylsulfonamide,True,468,468,130,72.22,72.22,130,97,25.38,79.27,97,42,56.70,91.03,42,15,64.29,96.79,15,3,80.00,99.36,True,True
4M1S-21K,4M1S,[H]c1c([H])c(N([H])C([H])([H])C(=O)N2C([H])([H])C([H])([H])C([H])(N([H])S(=O)(=O)C([H])=C([H])[H])C([H])([H])C2([H])[H])c(Cl)c([H])c1Cl,Vinylsulfonamide,False,468,468,130,72.22,72.22,130,97,25.38,79.27,97,48,50.52,89.74,48,48,0.00,89.74,48,3,93.75,99.36,True,True
4M1S-21K,4M1S,[H]c1c([H])c(N([H])C([H])([H])C(=O)N2C([H])([H])C([H])([H])C([H])(N([H])S(=O)(=O)C([H])=C([H])[H])C([H])([H])C2([H])[H])c(Cl)c([H])c1Cl,Sulfonamide (activated),True,468,468,130,72.22,72.22,130,97,25.38,79.27,97,40,58.76,91.45,40,0,100.00,100.00,0,0,0.00,100.00,no matches,no matches
4M1S-21K,4M1S,[H]c1c([H])c(N([H])C([H])([H])C(=O)N2C([H])([H])C([H])([H])C([H])(N([H])S(=O)(=O)C([H])=C([H])[H])C([H])([H])C2([H])[H])c(Cl)c([H])c1Cl,Sulfonamide (activated),False,468,468,130,72.22,72.22,130,97,25.38,79.27,97,48,50.52,89.74,48,0,100.00,100.00,0,0,0.00,100.00,no matches,no matches
4M1T-21M,4M1T,[H]c1c([H])c(OC([H])([H])C(=O)N2C([H])([H])C([H])([H])C([H])(N([H])S(=O)(=O)C([H])=C([H])[H])C([H])([H])C2([H])[H])c(Cl)c([H])c1Cl,Vinylsulfonamide,True,476,476,130,72.69,72.69,130,97,25.38,79.62,97,45,53.61,90.55,45,15,66.67,96.85,15,3,80.00,99.37,True,True
4M1T-21M,4M1T,[H]c1c([H])c(OC([H])([H])C(=O)N2C([H])([H])C([H])([H])C([H])(N([H])S(=O)(=O)C([H])=C([H])[H])C([H])([H])C2([H])[H])c(Cl)c([H])c1Cl,Vinylsulfonamide,False,476,476,130,72.69,72.69,130,97,25.38,79.62,97,43,55.67,90.97,43,43,0.00,90.97,43,3,93.02,99.37,True,True
4M1T-21M,4M1T,[H]c1c([H])c(OC([H])([H])C(=O)N2C([H])([H])C([H])([H])C([H])(N([H])S(=O)(=O)C([H])=C([H])[H])C([H])([H])C2([H])[H])c(Cl)c([H])c1Cl,Sulfonamide (activated),True,476,476,130,72.69,72.69,130,97,25.38,79.62,97,45,53.61,90.55,45,0,100.00,100.00,0,0,0.00,100.00,no matches,no matches
4M1T-21M,4M1T,[H]c1c([H])c(OC([H])([H])C(=O)N2C([H])([H])C([H])([H])C([H])(N([H])S(=O)(=O)C([H])=C([H])[H])C([H])([H])C2([H])[H])c(Cl)c([H])c1Cl,Sulfonamide (activated),False,476,476,130,72.69,72.69,130,97,25.38,79.62,97,43,55.67,90.97,43,0,100.00,100.00,0,0,0.00,100.00,no matches,no matches
4M1W-21R,4M1W,[H]c1c(Cl)c(Cl)c([H])c(C([H])([H])C([H])([H])[H])c1N([H])C([H])([H])C(=O)N1C([H])([H])C([H])([H])C([H])(N([H])S(=O)(=O)C([H])=C([H])[H])C([H])([H])C1([H])[H],Vinylsulfonamide,True,476,476,131,72.48,72.48,131,99,24.43,79.20,99,45,54.55,90.55,45,15,66.67,96.85,15,3,80.00,99.37,True,True
4M1W-21R,4M1W,[H]c1c(Cl)c(Cl)c([H])c(C([H])([H])C([H])([H])[H])c1N([H])C([H])([H])C(=O)N1C([H])([H])C([H])([H])C([H])(N([H])S(=O)(=O)C([H])=C([H])[H])C([H])([H])C1([H])[H],Vinylsulfonamide,False,476,476,131,72.48,72.48,131,99,24.43,79.20,99,46,53.54,90.34,46,46,0.00,90.34,46,3,93.48,99.37,True,True
4M1W-21R,4M1W,[H]c1c(Cl)c(Cl)c([H])c(C([H])([H])C([H])([H])[H])c1N([H])C([H])([H])C(=O)N1C([H])([H])C([H])([H])C([H])(N([H])S(=O)(=O)C([H])=C([H])[H])C([H])([H])C1([H])[H],Sulfonamide (activated),True,476,476,131,72.48,72.48,131,99,24.43,79.20,99,53,46.46,88.87,53,0,100.00,100.00,0,0,0.00,100.00,no matches,no matches
4M1W-21R,4M1W,[H]c1c(Cl)c(Cl)c([H])c(C([H])([H])C([H])([H])[H])c1N([H])C([H])([H])C(=O)N1C([H])([H])C([H])([H])C([H])(N([H])S(=O)(=O)C([H])=C([H])[H])C([H])([H])C1([H])[H],Sulfonamide (activated),False,476,476,131,72.48,72.48,131,99,24.43,79.20,99,38,61.62,92.02,38,0,100.00,100.00,0,0,0.00,100.00,no matches,no matches
4M1Y-21S,4M1Y,O=C(CNC1=NSN=C1Cl)N1CCC(NS(=O)(=O)C=C)CC1,Vinylsulfonamide,True,474,474,131,72.36,72.36,131,98,25.19,79.32,98,46,53.06,90.30,46,15,67.39,96.84,15,3,80.00,99.37,True,True
4M1Y-21S,4M1Y,O=C(CNC1=NSN=C1Cl)N1CCC(NS(=O)(=O)C=C)CC1,Vinylsulfonamide,False,474,474,131,72.36,72.36,131,98,25.19,79.32,98,26,73.47,94.51,26,26,0.00,94.51,26,3,88.46,99.37,True,True
4M1Y-21S,4M1Y,O=C(CNC1=NSN=C1Cl)N1CCC(NS(=O)(=O)C=C)CC1,Sulfonamide (activated),True,474,474,131,72.36,72.36,131,98,25.19,79.32,98,46,53.06,90.30,46,0,100.00,100.00,0,0,0.00,100.00,no matches,no matches
4M1Y-21S,4M1Y,O=C(CNC1=NSN=C1Cl)N1CCC(NS(=O)(=O)C=C)CC1,Sulfonamide (activated),False,474,474,131,72.36,72.36,131,98,25.19,79.32,98,40,59.18,91.56,40,0,100.00,100.00,0,0,0.00,100.00,no matches,no matches
4M22-22C,4M22,C(=O)(C=C)N1CCN(CC1)c1cc(Cl)c(Cl)cc1,Alpha-beta unsaturated carbonyl (Michael acceptor),True,485,485,133,72.58,72.58,133,96,27.82,80.21,96,43,55.21,91.13,43,15,65.12,96.91,15,3,80.00,99.38,True,True
4M22-22C,4M22,C(=O)(C=C)N1CCN(CC1)c1cc(Cl)c(Cl)cc1,Alpha-beta unsaturated carbonyl (Michael acceptor),False,485,485,133,72.58,72.58,133,96,27.82,80.21,96,43,55.21,91.13,43,43,0.00,91.13,43,3,93.02,99.38,True,True
4M22-22C,4M22,C(=O)(C=C)N1CCN(CC1)c1cc(Cl)c(Cl)cc1,Acrylamide warhead,True,485,485,133,72.58,72.58,133,96,27.82,80.21,96,43,55.21,91.13,43,15,65.12,96.91,15,3,80.00,99.38,True,True
4M22-22C,4M22,C(=O)(C=C)N1CCN(CC1)c1cc(Cl)c(Cl)cc1,Acrylamide warhead,False,485,485,133,72.58,72.58,133,96,27.82,80.21,96,43,55.21,91.13,43,43,0.00,91.13,43,3,93.02,99.38,True,True
4PE0-NQS,4PE0,O=C1C=CC(=O)c2ccccc21,Alpha-beta unsaturated carbonyl (Michael acceptor),True,181,181,47,74.03,74.03,47,36,23.40,80.11,36,10,72.22,94.48,10,10,0.00,94.48,10,2,80.00,98.90,True,True
4PE0-NQS,4PE0,O=C1C=CC(=O)c2ccccc21,Alpha-beta unsaturated carbonyl (Michael acceptor),False,181,181,47,74.03,74.03,47,36,23.40,80.11,36,14,61.11,92.27,14,14,0.00,92.27,14,2,85.71,98.90,True,True
4PE0-NQS,4PE0,O=C1C=CC(=O)c2ccccc21,Ketone (reactive),True,181,181,47,74.03,74.03,47,36,23.40,80.11,36,18,50.00,90.06,18,2,88.89,98.90,2,2,0.00,98.90,True,True
4PE0-NQS,4PE0,O=C1C=CC(=O)c2ccccc21,Ketone (reactive),False,181,181,47,74.03,74.03,47,36,23.40,80.11,36,24,33.33,86.74,24,24,0.00,86.74,24,2,91.67,98.90,True,True
4PE4-REV,4PE4,COc1ccc(/C(=C/CC)c2ccccc2)cc1OC,No warhead found,,,,,,,,,,,,,,,,,,,,,,,,
4PNC-7NP,4PNC,O=C1CC(=C)c2cc(OC)ccc21,Ketone (reactive),True,262,262,70,73.28,73.28,70,37,47.14,85.88,37,23,37.84,91.22,23,7,69.57,97.33,7,2,71.43,99.24,True,True
4PNC-7NP,4PNC,O=C1CC(=C)c2cc(OC)ccc21,Ketone (reactive),False,262,262,70,73.28,73.28,70,37,47.14,85.88,37,15,59.46,94.27,15,15,0.00,94.27,15,0,100.00,100.00,False,no matches
4XCU-40M,4XCU,[H]c1c([H])c(N([H])C(=O)C([H])=C([H])[H])c(N([H])c2nc([H])c3c([H])c(-c4c(Cl)c(OC([H])([H])[H])c([H])c(OC([H])([H])[H])c4[H])c([H])c([H])c3n2)c([H])c1[H],Alpha-beta unsaturated carbonyl (Michael acceptor),True,288,288,59,79.51,79.51,59,42,28.81,85.42,42,20,52.38,93.06,20,9,55.00,96.88,9,1,88.89,99.65,True,True
4XCU-40M,4XCU,[H]c1c([H])c(N([H])C(=O)C([H])=C([H])[H])c(N([H])c2nc([H])c3c([H])c(-c4c(Cl)c(OC([H])([H])[H])c([H])c(OC([H])([H])[H])c4[H])c([H])c([H])c3n2)c([H])c1[H],Alpha-beta unsaturated carbonyl (Michael acceptor),False,288,288,59,79.51,79.51,59,42,28.81,85.42,42,22,47.62,92.36,22,22,0.00,92.36,22,0,100.00,100.00,False,no matches
4XCU-40M,4XCU,[H]c1c([H])c(N([H])C(=O)C([H])=C([H])[H])c(N([H])c2nc([H])c3c([H])c(-c4c(Cl)c(OC([H])([H])[H])c([H])c(OC([H])([H])[H])c4[H])c([H])c([H])c3n2)c([H])c1[H],Acrylamide warhead,True,288,288,59,79.51,79.51,59,42,28.81,85.42,42,20,52.38,93.06,20,9,55.00,96.88,9,1,88.89,99.65,True,True
4XCU-40M,4XCU,[H]c1c([H])c(N([H])C(=O)C([H])=C([H])[H])c(N([H])c2nc([H])c3c([H])c(-c4c(Cl)c(OC([H])([H])[H])c([H])c(OC([H])([H])[H])c4[H])c([H])c([H])c3n2)c([H])c1[H],Acrylamide warhead,False,288,288,59,79.51,79.51,59,42,28.81,85.42,42,22,47.62,92.36,22,22,0.00,92.36,22,0,100.00,100.00,False,no matches
4YHF-4C9,4YHF,O=C(/C(=C\CC(C)(C)C)C#N)N1CCC[C@@H](c2ccc(F)cc2F)C1,Alpha-beta unsaturated carbonyl (Michael acceptor),True,537,537,152,71.69,71.69,152,110,27.63,79.52,110,41,62.73,92.36,41,11,73.17,97.95,11,2,81.82,99.63,True,True
4YHF-4C9,4YHF,O=C(/C(=C\CC(C)(C)C)C#N)N1CCC[C@@H](c2ccc(F)cc2F)C1,Alpha-beta unsaturated carbonyl (Michael acceptor),False,537,537,152,71.69,71.69,152,110,27.63,79.52,110,35,68.18,93.48,35,35,0.00,93.48,35,2,94.29,99.63,True,True
4YHF-4C9,4YHF,O=C(/C(=C\CC(C)(C)C)C#N)N1CCC[C@@H](c2ccc(F)cc2F)C1,Acrylamide warhead,True,537,537,152,71.69,71.69,152,110,27.63,79.52,110,41,62.73,92.36,41,11,73.17,97.95,11,2,81.82,99.63,True,True
4YHF-4C9,4YHF,O=C(/C(=C\CC(C)(C)C)C#N)N1CCC[C@@H](c2ccc(F)cc2F)C1,Acrylamide warhead,False,537,537,152,71.69,71.69,152,110,27.63,79.52,110,35,68.18,93.48,35,35,0.00,93.48,35,2,94.29,99.63,True,True
4YHF-4C9,4YHF,O=C(/C(=C\CC(C)(C)C)C#N)N1CCC[C@@H](c2ccc(F)cc2F)C1,Nitrile (electrophilic),True,537,537,152,71.69,71.69,152,110,27.63,79.52,110,41,62.73,92.36,41,2,95.12,99.63,2,2,0.00,99.63,True,True
4YHF-4C9,4YHF,O=C(/C(=C\CC(C)(C)C)C#N)N1CCC[C@@H](c2ccc(F)cc2F)C1,Nitrile (electrophilic),False,537,537,152,71.69,71.69,152,110,27.63,79.52,110,41,62.73,92.36,41,17,58.54,96.83,17,2,88.24,99.63,True,True
4ZZO-CQ3,4ZZO,[H]c1nc(N([H])C2([H])C([H])([H])C([H])([H])OC([H])([H])C2([H])[H])nc(N([H])c2c([H])c([H])c([H])c([H])c2[H])n1,No warhead found,,,,,,,,,,,,,,,,,,,,,,,,
5DAF-58E,5DAF,[H]OC1=C(C#N)C([H])([H])[C@]2(C([H])([H])[H])c3nn(C([H])([H])[H])c(-c4c([H])nc([H])c([H])c4[H])c3C([H])([H])C([H])([H])[C@@]2([H])[C@]1([H])C([H])([H])[H],Nitrile (electrophilic),True,121,121,33,72.73,72.73,33,25,24.24,79.34,25,10,60.00,91.74,10,1,90.00,99.17,1,1,0.00,99.17,True,True
5DAF-58E,5DAF,[H]OC1=C(C#N)C([H])([H])[C@]2(C([H])([H])[H])c3nn(C([H])([H])[H])c(-c4c([H])nc([H])c([H])c4[H])c3C([H])([H])C([H])([H])[C@@]2([H])[C@]1([H])C([H])([H])[H],Nitrile (electrophilic),False,121,121,33,72.73,72.73,33,25,24.24,79.34,25,14,44.00,88.43,14,14,0.00,88.43,14,1,92.86,99.17,True,True
5HG7-630,5HG7,[H]c1nn(C([H])([H])[H])c([H])c1N([H])c1nc(OC([H])([H])[C@@]2([H])C([H])([H])N(C(=O)C([H])=C([H])[H])C([H])([H])[C@]2([H])OC([H])([H])[H])c2c(Cl)c([H])n([H])c2n1,Alpha-beta unsaturated carbonyl (Michael acceptor),True,280,280,71,74.64,74.64,71,49,30.99,82.50,49,27,44.90,90.36,27,6,77.78,97.86,6,1,83.33,99.64,True,True
5HG7-630,5HG7,[H]c1nn(C([H])([H])[H])c([H])c1N([H])c1nc(OC([H])([H])[C@@]2([H])C([H])([H])N(C(=O)C([H])=C([H])[H])C([H])([H])[C@]2([H])OC([H])([H])[H])c2c(Cl)c([H])n([H])c2n1,Alpha-beta unsaturated carbonyl (Michael acceptor),False,280,280,71,74.64,74.64,71,49,30.99,82.50,49,18,63.27,93.57,18,18,0.00,93.57,18,1,94.44,99.64,True,True
5HG7-630,5HG7,[H]c1nn(C([H])([H])[H])c([H])c1N([H])c1nc(OC([H])([H])[C@@]2([H])C([H])([H])N(C(=O)C([H])=C([H])[H])C([H])([H])[C@]2([H])OC([H])([H])[H])c2c(Cl)c([H])n([H])c2n1,Acrylamide warhead,True,280,280,71,74.64,74.64,71,49,30.99,82.50,49,27,44.90,90.36,27,6,77.78,97.86,6,1,83.33,99.64,True,True
5HG7-630,5HG7,[H]c1nn(C([H])([H])[H])c([H])c1N([H])c1nc(OC([H])([H])[C@@]2([H])C([H])([H])N(C(=O)C([H])=C([H])[H])C([H])([H])[C@]2([H])OC([H])([H])[H])c2c(Cl)c([H])n([H])c2n1,Acrylamide warhead,False,280,280,71,74.64,74.64,71,49,30.99,82.50,49,18,63.27,93.57,18,18,0.00,93.57,18,1,94.44,99.64,True,True
5HG8-634,5HG8,Cc1cc(Nc2nccc(-c3ccc(NC(=O)C=C)cc3)n2)n[nH]1,Alpha-beta unsaturated carbonyl (Michael acceptor),True,300,300,77,74.33,74.33,77,55,28.57,81.67,55,28,49.09,90.67,28,7,75.00,97.67,7,1,85.71,99.67,True,True
5HG8-634,5HG8,Cc1cc(Nc2nccc(-c3ccc(NC(=O)C=C)cc3)n2)n[nH]1,Alpha-beta unsaturated carbonyl (Michael acceptor),False,300,300,77,74.33,74.33,77,55,28.57,81.67,55,22,60.00,92.67,22,22,0.00,92.67,22,1,95.45,99.67,True,True
5HG8-634,5HG8,Cc1cc(Nc2nccc(-c3ccc(NC(=O)C=C)cc3)n2)n[nH]1,Acrylamide warhead,True,300,300,77,74.33,74.33,77,55,28.57,81.67,55,28,49.09,90.67,28,7,75.00,97.67,7,1,85.71,99.67,True,True
5HG8-634,5HG8,Cc1cc(Nc2nccc(-c3ccc(NC(=O)C=C)cc3)n2)n[nH]1,Acrylamide warhead,False,300,300,77,74.33,74.33,77,55,28.57,81.67,55,22,60.00,92.67,22,22,0.00,92.67,22,1,95.45,99.67,True,True
5HG9-63A,5HG9,[H]c1nn(C([H])([H])[H])c([H])c1N([H])c1nc(OC([H])([H])[C@@]2([H])C([H])([H])N(C(=O)C([H])=C([H])[H])C([H])([H])[C@@]2([H])[H])c([H])c([H])c1[H],Alpha-beta unsaturated carbonyl (Michael acceptor),True,280,280,70,75.00,75.00,70,48,31.43,82.86,48,27,43.75,90.36,27,6,77.78,97.86,6,1,83.33,99.64,True,True
5HG9-63A,5HG9,[H]c1nn(C([H])([H])[H])c([H])c1N([H])c1nc(OC([H])([H])[C@@]2([H])C([H])([H])N(C(=O)C([H])=C([H])[H])C([H])([H])[C@@]2([H])[H])c([H])c([H])c1[H],Alpha-beta unsaturated carbonyl (Michael acceptor),False,280,280,70,75.00,75.00,70,48,31.43,82.86,48,15,68.75,94.64,15,15,0.00,94.64,15,1,93.33,99.64,True,True
5HG9-63A,5HG9,[H]c1nn(C([H])([H])[H])c([H])c1N([H])c1nc(OC([H])([H])[C@@]2([H])C([H])([H])N(C(=O)C([H])=C([H])[H])C([H])([H])[C@@]2([H])[H])c([H])c([H])c1[H],Acrylamide warhead,True,280,280,70,75.00,75.00,70,48,31.43,82.86,48,27,43.75,90.36,27,6,77.78,97.86,6,1,83.33,99.64,True,True
5HG9-63A,5HG9,[H]c1nn(C([H])([H])[H])c([H])c1N([H])c1nc(OC([H])([H])[C@@]2([H])C([H])([H])N(C(=O)C([H])=C([H])[H])C([H])([H])[C@@]2([H])[H])c([H])c([H])c1[H],Acrylamide warhead,False,280,280,70,75.00,75.00,70,48,31.43,82.86,48,15,68.75,94.64,15,15,0.00,94.64,15,1,93.33,99.64,True,True
5IYT-NZN,5IYT,O=C(/C=C/C(=O)NCCCn1cc(-c2ccccc2)nn1)Nc1ccc(F)cc1,Alpha-beta unsaturated carbonyl (Michael acceptor),True,364,364,76,79.12,79.12,76,50,34.21,86.26,50,30,40.00,91.76,30,8,73.33,97.80,8,2,75.00,99.45,True,True
5IYT-NZN,5IYT,O=C(/C=C/C(=O)NCCCn1cc(-c2ccccc2)nn1)Nc1ccc(F)cc1,Alpha-beta unsaturated carbonyl (Michael acceptor),False,364,364,76,79.12,79.12,76,50,34.21,86.26,50,20,60.00,94.51,20,20,0.00,94.51,20,2,90.00,99.45,True,True
5IYT-NZN,5IYT,O=C(/C=C/C(=O)NCCCn1cc(-c2ccccc2)nn1)Nc1ccc(F)cc1,Acrylamide warhead,True,364,364,76,79.12,79.12,76,50,34.21,86.26,50,30,40.00,91.76,30,8,73.33,97.80,8,2,75.00,99.45,True,True
5IYT-NZN,5IYT,O=C(/C=C/C(=O)NCCCn1cc(-c2ccccc2)nn1)Nc1ccc(F)cc1,Acrylamide warhead,False,364,364,76,79.12,79.12,76,50,34.21,86.26,50,20,60.00,94.51,20,20,0.00,94.51,20,0,100.00,100.00,False,no matches
5J7S-6H3,5J7S,[H]c1nc(N([H])c2c([H])c([H])c(N3C([H])([H])C([H])([H])N(C([H])([H])[H])C([H])([H])C3([H])[H])c([H])c2[H])nc(N([H])c2c([H])c([H])c([H])c([H])c2N([H])C(=O)C([H])=C([H])[H])c1Cl,Alpha-beta unsaturated carbonyl (Michael acceptor),True,279,279,68,75.63,75.63,68,49,27.94,82.44,49,23,53.06,91.76,23,8,65.22,97.13,8,2,75.00,99.28,True,True
5J7S-6H3,5J7S,[H]c1nc(N([H])c2c([H])c([H])c(N3C([H])([H])C([H])([H])N(C([H])([H])[H])C([H])([H])C3([H])[H])c([H])c2[H])nc(N([H])c2c([H])c([H])c([H])c([H])c2N([H])C(=O)C([H])=C([H])[H])c1Cl,Alpha-beta unsaturated carbonyl (Michael acceptor),False,279,279,68,75.63,75.63,68,49,27.94,82.44,49,24,51.02,91.40,24,24,0.00,91.40,24,2,91.67,99.28,True,True
5J7S-6H3,5J7S,[H]c1nc(N([H])c2c([H])c([H])c(N3C([H])([H])C([H])([H])N(C([H])([H])[H])C([H])([H])C3([H])[H])c([H])c2[H])nc(N([H])c2c([H])c([H])c([H])c([H])c2N([H])C(=O)C([H])=C([H])[H])c1Cl,Acrylamide warhead,True,279,279,68,75.63,75.63,68,49,27.94,82.44,49,23,53.06,91.76,23,8,65.22,97.13,8,2,75.00,99.28,True,True
5J7S-6H3,5J7S,[H]c1nc(N([H])c2c([H])c([H])c(N3C([H])([H])C([H])([H])N(C([H])([H])[H])C([H])([H])C3([H])[H])c([H])c2[H])nc(N([H])c2c([H])c([H])c([H])c([H])c2N([H])C(=O)C([H])=C([H])[H])c1Cl,Acrylamide warhead,False,279,279,68,75.63,75.63,68,49,27.94,82.44,49,24,51.02,91.40,24,24,0.00,91.40,24,2,91.67,99.28,True,True
5LCK-6TT,5LCK,[H]c1nc([H])c(N([H])c2nc([H])c(C(F)(F)F)c(N([H])c3c([H])c([H])c([H])c([H])c3N([H])C(=O)C([H])=C([H])[H])n2)c([H])c1OC([H])([H])[H],Alpha-beta unsaturated carbonyl (Michael acceptor),True,345,345,88,74.49,74.49,88,66,25.00,80.87,66,32,51.52,90.72,32,11,65.62,96.81,11,2,81.82,99.42,True,True
5LCK-6TT,5LCK,[H]c1nc([H])c(N([H])c2nc([H])c(C(F)(F)F)c(N([H])c3c([H])c([H])c([H])c([H])c3N([H])C(=O)C([H])=C([H])[H])n2)c([H])c1OC([H])([H])[H],Alpha-beta unsaturated carbonyl (Michael acceptor),False,345,345,88,74.49,74.49,88,66,25.00,80.87,66,25,62.12,92.75,25,25,0.00,92.75,25,2,92.00,99.42,True,True
5LCK-6TT,5LCK,[H]c1nc([H])c(N([H])c2nc([H])c(C(F)(F)F)c(N([H])c3c([H])c([H])c([H])c([H])c3N([H])C(=O)C([H])=C([H])[H])n2)c([H])c1OC([H])([H])[H],Acrylamide warhead,True,345,345,88,74.49,74.49,88,66,25.00,80.87,66,32,51.52,90.72,32,11,65.62,96.81,11,2,81.82,99.42,True,True
5LCK-6TT,5LCK,[H]c1nc([H])c(N([H])c2nc([H])c(C(F)(F)F)c(N([H])c3c([H])c([H])c([H])c([H])c3N([H])C(=O)C([H])=C([H])[H])n2)c([H])c1OC([H])([H])[H],Acrylamide warhead,False,345,345,88,74.49,74.49,88,66,25.00,80.87,66,25,62.12,92.75,25,25,0.00,92.75,25,2,92.00,99.42,True,True
5LWN-79S,5LWN,[H]c1c(-c2nc3c([H])nc4c(c([H])c([H])n4[H])c3n2[C@@]2([H])C([H])([H])C([H])([H])C([H])([H])C([H])([H])[C@@]2([H])C([H])([H])[H])oc(/C(=C/C#N)C(=O)N(C([H])([H])[H])C([H])([H])[H])c1[H],Alpha-beta unsaturated carbonyl (Michael acceptor),True,290,290,69,76.21,76.21,69,33,52.17,88.62,33,14,57.58,95.17,14,6,57.14,97.93,6,1,83.33,99.66,True,True
5LWN-79S,5LWN,[H]c1c(-c2nc3c([H])nc4c(c([H])c([H])n4[H])c3n2[C@@]2([H])C([H])([H])C([H])([H])C([H])([H])C([H])([H])[C@@]2([H])C([H])([H])[H])oc(/C(=C/C#N)C(=O)N(C([H])([H])[H])C([H])([H])[H])c1[H],Alpha-beta unsaturated carbonyl (Michael acceptor),False,290,290,69,76.21,76.21,69,33,52.17,88.62,33,12,63.64,95.86,12,12,0.00,95.86,12,1,91.67,99.66,True,True
5LWN-79S,5LWN,[H]c1c(-c2nc3c([H])nc4c(c([H])c([H])n4[H])c3n2[C@@]2([H])C([H])([H])C([H])([H])C([H])([H])C([H])([H])[C@@]2([H])C([H])([H])[H])oc(/C(=C/C#N)C(=O)N(C([H])([H])[H])C([H])([H])[H])c1[H],Acrylamide warhead,True,290,290,69,76.21,76.21,69,33,52.17,88.62,33,14,57.58,95.17,14,6,57.14,97.93,6,1,83.33,99.66,True,True
5LWN-79S,5LWN,[H]c1c(-c2nc3c([H])nc4c(c([H])c([H])n4[H])c3n2[C@@]2([H])C([H])([H])C([H])([H])C([H])([H])C([H])([H])[C@@]2([H])C([H])([H])[H])oc(/C(=C/C#N)C(=O)N(C([H])([H])[H])C([H])([H])[H])c1[H],Acrylamide warhead,False,290,290,69,76.21,76.21,69,33,52.17,88.62,33,12,63.64,95.86,12,12,0.00,95.86,12,1,91.67,99.66,True,True
5LWN-79S,5LWN,[H]c1c(-c2nc3c([H])nc4c(c([H])c([H])n4[H])c3n2[C@@]2([H])C([H])([H])C([H])([H])C([H])([H])C([H])([H])[C@@]2([H])C([H])([H])[H])oc(/C(=C/C#N)C(=O)N(C([H])([H])[H])C([H])([H])[H])c1[H],Nitrile (electrophilic),True,290,290,69,76.21,76.21,69,33,52.17,88.62,33,14,57.58,95.17,14,1,92.86,99.66,1,1,0.00,99.66,True,True
5LWN-79S,5LWN,[H]c1c(-c2nc3c([H])nc4c(c([H])c([H])n4[H])c3n2[C@@]2([H])C([H])([H])C([H])([H])C([H])([H])C([H])([H])[C@@]2([H])C([H])([H])[H])oc(/C(=C/C#N)C(=O)N(C([H])([H])[H])C([H])([H])[H])c1[H],Nitrile (electrophilic),False,290,290,69,76.21,76.21,69,33,52.17,88.62,33,18,45.45,93.79,18,12,33.33,95.86,12,1,91.67,99.66,True,True
5O8U-9O5,5O8U,O=C(CCc1ccc(NC(=O)c2ccc(F)cc2)cc1)C=CC(=O)C,Alpha-beta unsaturated carbonyl (Michael acceptor),True,331,331,82,75.23,75.23,82,59,28.05,82.18,59,29,50.85,91.24,29,10,65.52,96.98,10,3,70.00,99.09,True,True
5O8U-9O5,5O8U,O=C(CCc1ccc(NC(=O)c2ccc(F)cc2)cc1)C=CC(=O)C,Alpha-beta unsaturated carbonyl (Michael acceptor),False,331,331,82,75.23,75.23,82,59,28.05,82.18,59,31,47.46,90.63,31,31,0.00,90.63,31,0,100.00,100.00,False,no matches
5O8U-9O5,5O8U,O=C(CCc1ccc(NC(=O)c2ccc(F)cc2)cc1)C=CC(=O)C,Ketone (reactive),True,331,331,82,75.23,75.23,82,59,28.05,82.18,59,29,50.85,91.24,29,10,65.52,96.98,10,3,70.00,99.09,True,True
5O8U-9O5,5O8U,O=C(CCc1ccc(NC(=O)c2ccc(F)cc2)cc1)C=CC(=O)C,Ketone (reactive),False,331,331,82,75.23,75.23,82,59,28.05,82.18,59,27,54.24,91.84,27,27,0.00,91.84,27,3,88.89,99.09,True,True
5O8V-9O2,5O8V,C(=C)c1ccc(Nc2ncnc3ccccc23)cc1,No warhead found,,,,,,,,,,,,,,,,,,,,,,,,
5P9J-8E8,5P9J,[H]c1nc(N([H])[H])c2c(-c3c([H])c([H])c(Oc4c([H])c([H])c([H])c([H])c4[H])c([H])c3[H])nn([C@@]3([H])C([H])([H])N(C(=O)C([H])=C([H])[H])C([H])([H])C([H])([H])C3([H])[H])c2n1,Alpha-beta unsaturated carbonyl (Michael acceptor),True,263,263,74,71.86,71.86,74,56,24.32,78.71,56,22,60.71,91.63,22,6,72.73,97.72,6,1,83.33,99.62,True,True
5P9J-8E8,5P9J,[H]c1nc(N([H])[H])c2c(-c3c([H])c([H])c(Oc4c([H])c([H])c([H])c([H])c4[H])c([H])c3[H])nn([C@@]3([H])C([H])([H])N(C(=O)C([H])=C([H])[H])C([H])([H])C([H])([H])C3([H])[H])c2n1,Alpha-beta unsaturated carbonyl (Michael acceptor),False,263,263,74,71.86,71.86,74,56,24.32,78.71,56,25,55.36,90.49,25,25,0.00,90.49,25,1,96.00,99.62,True,True
5P9J-8E8,5P9J,[H]c1nc(N([H])[H])c2c(-c3c([H])c([H])c(Oc4c([H])c([H])c([H])c([H])c4[H])c([H])c3[H])nn([C@@]3([H])C([H])([H])N(C(=O)C([H])=C([H])[H])C([H])([H])C([H])([H])C3([H])[H])c2n1,Acrylamide warhead,True,263,263,74,71.86,71.86,74,56,24.32,78.71,56,22,60.71,91.63,22,6,72.73,97.72,6,1,83.33,99.62,True,True
5P9J-8E8,5P9J,[H]c1nc(N([H])[H])c2c(-c3c([H])c([H])c(Oc4c([H])c([H])c([H])c([H])c4[H])c([H])c3[H])nn([C@@]3([H])C([H])([H])N(C(=O)C([H])=C([H])[H])C([H])([H])C([H])([H])C3([H])[H])c2n1,Acrylamide warhead,False,263,263,74,71.86,71.86,74,56,24.32,78.71,56,25,55.36,90.49,25,25,0.00,90.49,25,1,96.00,99.62,True,True
5P9K-7G8,5P9K,[H]c1nc(C(=O)N([H])C([H])([H])[H])c([H])c(Oc2c([H])c([H])c(N([H])c3nc([H])c(F)c(N([H])c4c([H])c([H])c([H])c(N([H])C(=O)C([H])=C([H])[H])c4[H])n3)c([H])c2[H])c1[H],Alpha-beta unsaturated carbonyl (Michael acceptor),True,271,271,77,71.59,71.59,77,57,25.97,78.97,57,23,59.65,91.51,23,6,73.91,97.79,6,1,83.33,99.63,True,True
5P9K-7G8,5P9K,[H]c1nc(C(=O)N([H])C([H])([H])[H])c([H])c(Oc2c([H])c([H])c(N([H])c3nc([H])c(F)c(N([H])c4c([H])c([H])c([H])c(N([H])C(=O)C([H])=C([H])[H])c4[H])n3)c([H])c2[H])c1[H],Alpha-beta unsaturated carbonyl (Michael acceptor),False,271,271,77,71.59,71.59,77,57,25.97,78.97,57,32,43.86,88.19,32,32,0.00,88.19,32,0,100.00,100.00,False,no matches
5P9K-7G8,5P9K,[H]c1nc(C(=O)N([H])C([H])([H])[H])c([H])c(Oc2c([H])c([H])c(N([H])c3nc([H])c(F)c(N([H])c4c([H])c([H])c([H])c(N([H])C(=O)C([H])=C([H])[H])c4[H])n3)c([H])c2[H])c1[H],Acrylamide warhead,True,271,271,77,71.59,71.59,77,57,25.97,78.97,57,23,59.65,91.51,23,6,73.91,97.79,6,1,83.33,99.63,True,True
5P9K-7G8,5P9K,[H]c1nc(C(=O)N([H])C([H])([H])[H])c([H])c(Oc2c([H])c([H])c(N([H])c3nc([H])c(F)c(N([H])c4c([H])c([H])c([H])c(N([H])C(=O)C([H])=C([H])[H])c4[H])n3)c([H])c2[H])c1[H],Acrylamide warhead,False,271,271,77,71.59,71.59,77,57,25.97,78.97,57,32,43.86,88.19,32,32,0.00,88.19,32,0,100.00,100.00,False,no matches
5TTS-7KU,5TTS,[H]c1nc(N([H])[C@@]2([H])C([H])([H])N(C(=O)C([H])=C([H])[H])C([H])([H])C([H])([H])C2([H])[H])c2c([H])c([H])n([H])c2n1,Alpha-beta unsaturated carbonyl (Michael acceptor),True,274,274,64,76.64,76.64,64,30,53.12,89.05,30,15,50.00,94.53,15,8,46.67,97.08,8,2,75.00,99.27,True,True
5TTS-7KU,5TTS,[H]c1nc(N([H])[C@@]2([H])C([H])([H])N(C(=O)C([H])=C([H])[H])C([H])([H])C([H])([H])C2([H])[H])c2c([H])c([H])n([H])c2n1,Alpha-beta unsaturated carbonyl (Michael acceptor),False,274,274,64,76.64,76.64,64,30,53.12,89.05,30,13,56.67,95.26,13,13,0.00,95.26,13,2,84.62,99.27,True,True
5TTS-7KU,5TTS,[H]c1nc(N([H])[C@@]2([H])C([H])([H])N(C(=O)C([H])=C([H])[H])C([H])([H])C([H])([H])C2([H])[H])c2c([H])c([H])n([H])c2n1,Acrylamide warhead,True,274,274,64,76.64,76.64,64,30,53.12,89.05,30,15,50.00,94.53,15,8,46.67,97.08,8,2,75.00,99.27,True,True
5TTS-7KU,5TTS,[H]c1nc(N([H])[C@@]2([H])C([H])([H])N(C(=O)C([H])=C([H])[H])C([H])([H])C([H])([H])C2([H])[H])c2c([H])c([H])n([H])c2n1,Acrylamide warhead,False,274,274,64,76.64,76.64,64,30,53.12,89.05,30,13,56.67,95.26,13,13,0.00,95.26,13,2,84.62,99.27,True,True
5TTU-7KV,5TTU,[H]c1nc(N2C([H])([H])C([H])([H])[C@]3([H])C([H])([H])C([H])([H])N(C(=O)C([H])=C([H])[H])C([H])([H])[C@]23[H])c2c([H])c([H])n([H])c2n1,Alpha-beta unsaturated carbonyl (Michael acceptor),True,271,271,65,76.01,76.01,65,33,49.23,87.82,33,15,54.55,94.46,15,7,53.33,97.42,7,2,71.43,99.26,True,True
5TTU-7KV,5TTU,[H]c1nc(N2C([H])([H])C([H])([H])[C@]3([H])C([H])([H])C([H])([H])N(C(=O)C([H])=C([H])[H])C([H])([H])[C@]23[H])c2c([H])c([H])n([H])c2n1,Alpha-beta unsaturated carbonyl (Michael acceptor),False,271,271,65,76.01,76.01,65,33,49.23,87.82,33,14,57.58,94.83,14,14,0.00,94.83,14,2,85.71,99.26,True,True
5TTU-7KV,5TTU,[H]c1nc(N2C([H])([H])C([H])([H])[C@]3([H])C([H])([H])C([H])([H])N(C(=O)C([H])=C([H])[H])C([H])([H])[C@]23[H])c2c([H])c([H])n([H])c2n1,Acrylamide warhead,True,271,271,65,76.01,76.01,65,33,49.23,87.82,33,15,54.55,94.46,15,7,53.33,97.42,7,2,71.43,99.26,True,True
5TTU-7KV,5TTU,[H]c1nc(N2C([H])([H])C([H])([H])[C@]3([H])C([H])([H])C([H])([H])N(C(=O)C([H])=C([H])[H])C([H])([H])[C@]23[H])c2c([H])c([H])n([H])c2n1,Acrylamide warhead,False,271,271,65,76.01,76.01,65,33,49.23,87.82,33,14,57.58,94.83,14,14,0.00,94.83,14,2,85.71,99.26,True,True
5TTV-7KX,5TTV,[H]c1nc(-c2c([H])c([H])c([H])c(N([H])C(=O)C([H])=C([H])[H])c2[H])c([H])c([H])c1[H],Alpha-beta unsaturated carbonyl (Michael acceptor),True,280,280,65,76.79,76.79,65,30,53.85,89.29,30,13,56.67,95.36,13,6,53.85,97.86,6,2,66.67,99.29,True,True
5TTV-7KX,5TTV,[H]c1nc(-c2c([H])c([H])c([H])c(N([H])C(=O)C([H])=C([H])[H])c2[H])c([H])c([H])c1[H],Alpha-beta unsaturated carbonyl (Michael acceptor),False,280,280,65,76.79,76.79,65,30,53.85,89.29,30,17,43.33,93.93,17,17,0.00,93.93,17,2,88.24,99.29,True,True
5TTV-7KX,5TTV,[H]c1nc(-c2c([H])c([H])c([H])c(N([H])C(=O)C([H])=C([H])[H])c2[H])c([H])c([H])c1[H],Acrylamide warhead,True,280,280,65,76.79,76.79,65,30,53.85,89.29,30,13,56.67,95.36,13,6,53.85,97.86,6,2,66.67,99.29,True,True
5TTV-7KX,5TTV,[H]c1nc(-c2c([H])c([H])c([H])c(N([H])C(=O)C([H])=C([H])[H])c2[H])c([H])c([H])c1[H],Acrylamide warhead,False,280,280,65,76.79,76.79,65,30,53.85,89.29,30,17,43.33,93.93,17,17,0.00,93.93,17,2,88.24,99.29,True,True
5UG8-8BP,5UG8,O=C1CN(C(=O)C([H])=C([H])[H])CCN1Cc1ccccc1,Alpha-beta unsaturated carbonyl (Michael acceptor),True,280,280,70,75.00,75.00,70,49,30.00,82.50,49,27,44.90,90.36,27,6,77.78,97.86,6,1,83.33,99.64,True,True
5UG8-8BP,5UG8,O=C1CN(C(=O)C([H])=C([H])[H])CCN1Cc1ccccc1,Alpha-beta unsaturated carbonyl (Michael acceptor),False,280,280,70,75.00,75.00,70,49,30.00,82.50,49,17,65.31,93.93,17,17,0.00,93.93,17,1,94.12,99.64,True,True
5UG8-8BP,5UG8,O=C1CN(C(=O)C([H])=C([H])[H])CCN1Cc1ccccc1,Acrylamide warhead,True,280,280,70,75.00,75.00,70,49,30.00,82.50,49,27,44.90,90.36,27,6,77.78,97.86,6,1,83.33,99.64,True,True
5UG8-8BP,5UG8,O=C1CN(C(=O)C([H])=C([H])[H])CCN1Cc1ccccc1,Acrylamide warhead,False,280,280,70,75.00,75.00,70,49,30.00,82.50,49,17,65.31,93.93,17,17,0.00,93.93,17,1,94.12,99.64,True,True
5UGC-8BS,5UGC,O=C(C=C)N1CCC[C@@H]1C(=O)Nc1ccc(F)cc1F,Alpha-beta unsaturated carbonyl (Michael acceptor),True,280,280,70,75.00,75.00,70,49,30.00,82.50,49,27,44.90,90.36,27,6,77.78,97.86,6,1,83.33,99.64,True,True
5UGC-8BS,5UGC,O=C(C=C)N1CCC[C@@H]1C(=O)Nc1ccc(F)cc1F,Alpha-beta unsaturated carbonyl (Michael acceptor),False,280,280,70,75.00,75.00,70,49,30.00,82.50,49,17,65.31,93.93,17,17,0.00,93.93,17,1,94.12,99.64,True,True
5UGC-8BS,5UGC,O=C(C=C)N1CCC[C@@H]1C(=O)Nc1ccc(F)cc1F,Acrylamide warhead,True,280,280,70,75.00,75.00,70,49,30.00,82.50,49,27,44.90,90.36,27,6,77.78,97.86,6,1,83.33,99.64,True,True
5UGC-8BS,5UGC,O=C(C=C)N1CCC[C@@H]1C(=O)Nc1ccc(F)cc1F,Acrylamide warhead,False,280,280,70,75.00,75.00,70,49,30.00,82.50,49,17,65.31,93.93,17,17,0.00,93.93,17,1,94.12,99.64,True,True
5V88-8ZD,5V88,[H]c1c([H])c([H])c(C([H])([H])N(C(=O)N([H])c2c([H])c([H])c([H])c(C(F)(F)F)c2[H])C2([H])C([H])([H])C([H])([H])N([C@]([H])(C([H])([H])[H])C([H])([H])C([H])([H])C([H])([H])[H])C([H])([H])C2([H])[H])c(N([H])C(=O)C([H])=C([H])[H])c1[H],Alpha-beta unsaturated carbonyl (Michael acceptor),True,363,363,78,78.51,78.51,78,42,46.15,88.43,42,18,57.14,95.04,18,2,88.89,99.45,2,1,50.00,99.72,False,False
5V88-8ZD,5V88,[H]c1c([H])c([H])c(C([H])([H])N(C(=O)N([H])c2c([H])c([H])c([H])c(C(F)(F)F)c2[H])C2([H])C([H])([H])C([H])([H])N([C@]([H])(C([H])([H])[H])C([H])([H])C([H])([H])C([H])([H])[H])C([H])([H])C2([H])[H])c(N([H])C(=O)C([H])=C([H])[H])c1[H],Alpha-beta unsaturated carbonyl (Michael acceptor),False,363,363,78,78.51,78.51,78,42,46.15,88.43,42,12,71.43,96.69,12,12,0.00,96.69,12,1,91.67,99.72,False,False
5V88-8ZD,5V88,[H]c1c([H])c([H])c(C([H])([H])N(C(=O)N([H])c2c([H])c([H])c([H])c(C(F)(F)F)c2[H])C2([H])C([H])([H])C([H])([H])N([C@]([H])(C([H])([H])[H])C([H])([H])C([H])([H])C([H])([H])[H])C([H])([H])C2([H])[H])c(N([H])C(=O)C([H])=C([H])[H])c1[H],Acrylamide warhead,True,363,363,78,78.51,78.51,78,42,46.15,88.43,42,18,57.14,95.04,18,2,88.89,99.45,2,1,50.00,99.72,False,False
5V88-8ZD,5V88,[H]c1c([H])c([H])c(C([H])([H])N(C(=O)N([H])c2c([H])c([H])c([H])c(C(F)(F)F)c2[H])C2([H])C([H])([H])C([H])([H])N([C@]([H])(C([H])([H])[H])C([H])([H])C([H])([H])C([H])([H])[H])C([H])([H])C2([H])[H])c(N([H])C(=O)C([H])=C([H])[H])c1[H],Acrylamide warhead,False,363,363,78,78.51,78.51,78,42,46.15,88.43,42,12,71.43,96.69,12,12,0.00,96.69,12,1,91.67,99.72,False,False
2DW5-BFB,2DW5,CC(=N)NCC(=O)Nc1ccc(cc1)C(=O)NCCCC[C@@H](N)C(=O)O,No warhead found,,,,,,,,,,,,,,,,,,,,,,,,
5L6P-6P8,5L6P,[H]c1nc(N([H])c2c([H])c([H])c([H])c([H])c2[H])c2c([H])c([H])c(N([H])C(=O)CCl)c([H])c2n1,Alkyl chloride,True,274,274,59,78.47,78.47,59,43,27.12,84.31,43,14,67.44,94.89,14,2,85.71,99.27,2,2,0.00,99.27,True,True
5L6P-6P8,5L6P,[H]c1nc(N([H])c2c([H])c([H])c([H])c([H])c2[H])c2c([H])c([H])c(N([H])C(=O)CCl)c([H])c2n1,Alkyl chloride,False,274,274,59,78.47,78.47,59,43,27.12,84.31,43,29,32.56,89.42,29,23,20.69,91.61,23,23,0.00,91.61,False,False
2CNO-M60,2CNO,[H]OC(=O)C([H])([H])N(C(=O)C([H])([H])[C@]([H])1OC1C(=O)N([H])C([H])([H])C([H])([H])c1c([H])c([H])c([H])c([H])c1[H])N([H])C(=O)[C@@]([H])(N([H])C(=O)[C@@]([H])(N([H])C(=O)OC([H])([H])c1c([H])c([H])c([H])c([H])c1[H])C([H])([H])C([H])([H])C(=O)O[H])C([H])(C([H])([H])[H])C([H])([H])[H],Carbamate (amide-like),True,242,242,78,67.77,67.77,78,53,32.05,78.10,53,26,50.94,89.26,26,0,100.00,100.00,0,0,0.00,100.00,no matches,no matches
2CNO-M60,2CNO,[H]OC(=O)C([H])([H])N(C(=O)C([H])([H])[C@]([H])1OC1C(=O)N([H])C([H])([H])C([H])([H])c1c([H])c([H])c([H])c([H])c1[H])N([H])C(=O)[C@@]([H])(N([H])C(=O)[C@@]([H])(N([H])C(=O)OC([H])([H])c1c([H])c([H])c([H])c([H])c1[H])C([H])([H])C([H])([H])C(=O)O[H])C([H])(C([H])([H])[H])C([H])([H])[H],Carbamate (amide-like),False,242,242,78,67.77,67.77,78,53,32.05,78.10,53,23,56.60,90.50,23,0,100.00,100.00,0,0,0.00,100.00,no matches,no matches
2CNO-M60,2CNO,[H]OC(=O)C([H])([H])N(C(=O)C([H])([H])[C@]([H])1OC1C(=O)N([H])C([H])([H])C([H])([H])c1c([H])c([H])c([H])c([H])c1[H])N([H])C(=O)[C@@]([H])(N([H])C(=O)[C@@]([H])(N([H])C(=O)OC([H])([H])c1c([H])c([H])c([H])c([H])c1[H])C([H])([H])C([H])([H])C(=O)O[H])C([H])(C([H])([H])[H])C([H])([H])[H],Epoxide,True,242,242,78,67.77,67.77,78,53,32.05,78.10,53,26,50.94,89.26,26,3,88.46,98.76,3,0,100.00,100.00,True,no matches
2CNO-M60,2CNO,[H]OC(=O)C([H])([H])N(C(=O)C([H])([H])[C@]([H])1OC1C(=O)N([H])C([H])([H])C([H])([H])c1c([H])c([H])c([H])c([H])c1[H])N([H])C(=O)[C@@]([H])(N([H])C(=O)[C@@]([H])(N([H])C(=O)OC([H])([H])c1c([H])c([H])c([H])c([H])c1[H])C([H])([H])C([H])([H])C(=O)O[H])C([H])(C([H])([H])[H])C([H])([H])[H],Epoxide,False,242,242,78,67.77,67.77,78,53,32.05,78.10,53,18,66.04,92.56,18,12,33.33,95.04,12,9,25.00,96.28,True,False
2CNO-M60,2CNO,[H]OC(=O)C([H])([H])N(C(=O)C([H])([H])[C@]([H])1OC1C(=O)N([H])C([H])([H])C([H])([H])c1c([H])c([H])c([H])c([H])c1[H])N([H])C(=O)[C@@]([H])(N([H])C(=O)[C@@]([H])(N([H])C(=O)OC([H])([H])c1c([H])c([H])c([H])c([H])c1[H])C([H])([H])C([H])([H])C(=O)O[H])C([H])(C([H])([H])[H])C([H])([H])[H],Alpha-beta epoxyketone (epoxide),True,242,242,78,67.77,67.77,78,53,32.05,78.10,53,26,50.94,89.26,26,3,88.46,98.76,3,3,0.00,98.76,True,True
2CNO-M60,2CNO,[H]OC(=O)C([H])([H])N(C(=O)C([H])([H])[C@]([H])1OC1C(=O)N([H])C([H])([H])C([H])([H])c1c([H])c([H])c([H])c([H])c1[H])N([H])C(=O)[C@@]([H])(N([H])C(=O)[C@@]([H])(N([H])C(=O)OC([H])([H])c1c([H])c([H])c([H])c([H])c1[H])C([H])([H])C([H])([H])C(=O)O[H])C([H])(C([H])([H])[H])C([H])([H])[H],Alpha-beta epoxyketone (epoxide),False,242,242,78,67.77,67.77,78,53,32.05,78.10,53,18,66.04,92.56,18,12,33.33,95.04,12,12,0.00,95.04,True,True
2CNO-M60,2CNO,[H]OC(=O)C([H])([H])N(C(=O)C([H])([H])[C@]([H])1OC1C(=O)N([H])C([H])([H])C([H])([H])c1c([H])c([H])c([H])c([H])c1[H])N([H])C(=O)[C@@]([H])(N([H])C(=O)[C@@]([H])(N([H])C(=O)OC([H])([H])c1c([H])c([H])c([H])c([H])c1[H])C([H])([H])C([H])([H])C(=O)O[H])C([H])(C([H])([H])[H])C([H])([H])[H],Alpha-beta epoxyketone (carbonyl),True,242,242,78,67.77,67.77,78,53,32.05,78.10,53,26,50.94,89.26,26,0,100.00,100.00,0,0,0.00,100.00,no matches,no matches
2CNO-M60,2CNO,[H]OC(=O)C([H])([H])N(C(=O)C([H])([H])[C@]([H])1OC1C(=O)N([H])C([H])([H])C([H])([H])c1c([H])c([H])c([H])c([H])c1[H])N([H])C(=O)[C@@]([H])(N([H])C(=O)[C@@]([H])(N([H])C(=O)OC([H])([H])c1c([H])c([H])c([H])c([H])c1[H])C([H])([H])C([H])([H])C(=O)O[H])C([H])(C([H])([H])[H])C([H])([H])[H],Alpha-beta epoxyketone (carbonyl),False,242,242,78,67.77,67.77,78,53,32.05,78.10,53,23,56.60,90.50,23,0,100.00,100.00,0,0,0.00,100.00,no matches,no matches
2OP9-WR1,2OP9,[H]OC([H])([H])C([H])([H])C1(OC1)[C@]([H])(N([H])C(=O)[C@@]([H])(N([H])C(=O)OC([H])([H])c1c([H])c([H])c([H])c([H])c1[H])C([H])([H])c1c([H])c([H])c([H])c([H])c1[H])C([H])([H])[H],Carbamate (amide-like),True,601,601,166,72.38,72.38,166,101,39.16,83.19,101,38,62.38,93.68,38,0,100.00,100.00,0,0,0.00,100.00,no matches,no matches
2OP9-WR1,2OP9,[H]OC([H])([H])C([H])([H])C1(OC1)[C@]([H])(N([H])C(=O)[C@@]([H])(N([H])C(=O)OC([H])([H])c1c([H])c([H])c([H])c([H])c1[H])C([H])([H])c1c([H])c([H])c([H])c([H])c1[H])C([H])([H])[H],Carbamate (amide-like),False,601,601,166,72.38,72.38,166,101,39.16,83.19,101,50,50.50,91.68,50,0,100.00,100.00,0,0,0.00,100.00,no matches,no matches
2OP9-WR1,2OP9,[H]OC([H])([H])C([H])([H])C1(OC1)[C@]([H])(N([H])C(=O)[C@@]([H])(N([H])C(=O)OC([H])([H])c1c([H])c([H])c([H])c([H])c1[H])C([H])([H])c1c([H])c([H])c([H])c([H])c1[H])C([H])([H])[H],Epoxide,True,601,601,166,72.38,72.38,166,101,39.16,83.19,101,38,62.38,93.68,38,6,84.21,99.00,6,0,100.00,100.00,True,no matches
2OP9-WR1,2OP9,[H]OC([H])([H])C([H])([H])C1(OC1)[C@]([H])(N([H])C(=O)[C@@]([H])(N([H])C(=O)OC([H])([H])c1c([H])c([H])c([H])c([H])c1[H])C([H])([H])c1c([H])c([H])c([H])c([H])c1[H])C([H])([H])[H],Epoxide,False,601,601,166,72.38,72.38,166,101,39.16,83.19,101,61,39.60,89.85,61,61,0.00,89.85,61,55,9.84,90.85,True,False
