name,protein pdb,electrophile_smiles,top n types,Residue,ResNum,Chain,claude_is_transformed,validation_is_transformed
1ME3-P10,1ME3,O=CC(=O)[C@@]([H])(N([H])C(=O)[C@@]([H])(N([H])C(=O)OC([H])([H])c1c([H])nc([H])c([H])c1[H])C([H])([H])c1c([H])c([H])c([H])c([H])c1[H])C([H])([H])C([H])([H])c1c([H])c([H])c([H])c([H])c1[H],3,Cys,25,A,TRUE,TRUE
2GX4-NOL,2GX4,O=C[C@@H](NC(=O)[C@@H](CC(=O)N)NC(=O)[C@@H](CC1=CC=CC=C1)NC(=O)OCC1=CC=CC=C1)[C@@H]1CCNC1=O,3,Cys,145,A,TRUE,TRUE
2OP3-TF5,2OP3,O=CCOc1ccccc1-c1ccc(F)c(F)c1F,3,Cys,25,A,TRUE,TRUE
3OF8-I0Y,3OF8,O=CC(=O)[C@@H](N([H])C(=O)[C@@H](N([H])C(=O)OCC1=CC=CC=C1)Cc1ccccc1)Cc1ccc(OC(C)(C)C)cc1,3,Cys,26,A,TRUE,TRUE
3SN8-S89,3SN8,O=C([H])[C@@]([H])(N([H])C(=O)[C@@]([H])(N([H])C(=O)/C([H])=C(\[H])c1c([H])c([H])c([H])c([H])c1[H])C([H])([H])c1c([H])c([H])c([H])c([H])c1[H])C([H])([H])c1c([H])c([H])c([H])c([H])c1[H],3,Cys,145,A,TRUE,TRUE
4DCD-K36,4DCD,O=C[C@@H](NC(=O)[C@@H](NC(=O)OCc1ccccc1)CC(C)C),3,Cys,147,A,TRUE,TRUE
5C1X-GHX,5C1X,O=CC1CCN(C(=O)[C@@H](CC(=O)N2CCC[C@@H]2C(=O)N[C@@H](Cc2ccccc2)C(=O)O)NC(=O)[C@@H](CC(C)C)NC(=O)[C@@H](N)Cc2ccccc2)C1,3,Cys,147,A,TRUE,TRUE
5DGJ-V64,5DGJ,O=C[C@@]1([H])CC(=O)N[C@@H](CC2=CC=CC=C2)C(=O)N[C@@H](CC(=O)N1)CC3=CC=CC=C3,3,Cys,139,A,TRUE,TRUE
1BGO-I10,1BGO,O=C(CNC(=O)[C@@H](c1ccc(-c2ccccc2)cc1)CC(C)C)CNS(=O)(=O)c1ncccc1,3,Cys,25,A,TRUE,TRUE
2BDL-4PR,2BDL,O=C(C(=O)N([H])[C@@H](c1ccccc1)C)[C@@H](N([H])C(=O)OC(C)(C)C)CC(C)C,3,Cys,25,A,TRUE,TRUE
2XM7-34H,2XM7,[H]OC(=O)C(=O)C([H])([H])c1c([H])c([H])c(O[H])c([H])c1[H],3,Cys,215,A,TRUE,TRUE
3H0E-H0E,3H0E,O=C1c2cc(S(=O)(=O)N3CCC[C@@H]3COc3ccccc3)ccc2N2CC(C)(C)CN=C21,3,Cys,163,A,TRUE,TRUE
4L1O-1VL,4L1O,O=C1C(=O)N(CC2CCN(Cc3ccc4c(c3)OCO4)CC2)c2ccccc21,3,Cys,243,A,TRUE,TRUE
1MS6-BLN,1MS6,[H]c1c([H])c([H])c(C([H])([H])OC([H])([H])[C@@]([H])(C=C)N([H])C(=O)[C@@]([H])(N([H])C(=O)N2C([H])([H])C([H])([H])OC([H])([H])C2([H])[H])C([H])([H])C([H])(C([H])([H])[H])C([H])([H])[H])c([H])c1[H],3,Cys,25,A,TRUE,TRUE
2FRQ-C71,2FRQ,N#C[C@@H](CC1CCCCC1)NC(=O)[C@@H](CC(=O)O)NC(=O)c1ccccc1,3,Cys,25,A,TRUE,TRUE
2XU1-424,2XU1,N#CC1(N([H])C(=O)[C@@]2([H])N(C(=O)C3(c4c([H])c([H])c(Cl)c([H])c4[H])C([H])([H])C3([H])[H])C([H])([H])[C@]([H])(S(=O)(=O)c3c([H])c([H])c([H])c([H])c3Cl)C2([H])[H])C([H])([H])C1([H])[H],3,Cys,25,A,TRUE,TRUE
2XU4-DJT,2XU4,N#CC1(N([H])C(=O)[C@@]2([H])N(C(=O)C3(c4c([H])c([H])c(F)c([H])c4[H])C([H])([H])C3([H])[H])C([H])([H])[C@]([H])(S(=O)(=O)c3c([H])c([H])c([H])c([H])c3Cl)C2([H])[H])C([H])([H])C1([H])[H],3,Cys,25,A,TRUE,TRUE
2XU5-XU5,2XU5,N#CC1(N([H])C(=O)[C@@]2([H])N(C(=O)C3(c4c([H])c([H])c(C([H])([H])[H])c([H])c4[H])C([H])([H])C3([H])[H])C([H])([H])[C@]([H])(S(=O)(=O)c3c([H])c([H])c([H])c([H])c3Cl)C2([H])[H])C([H])([H])C1([H])[H],3,Cys,25,A,TRUE,TRUE
2YJ2-YJ2,2YJ2,N#CC1(N([H])C(=O)[C@@]2([H])N(C(=O)C3(c4c([H])c([H])c(Br)c([H])c4[H])C([H])([H])C3([H])[H])C([H])([H])[C@]([H])(S(=O)(=O)c3c([H])c([H])c([H])c([H])c3Cl)C2([H])[H])C([H])([H])C1([H])[H],3,Cys,25,A,TRUE,TRUE
2YJ8-YJ8,2YJ8,N#CC1(N([H])C(=O)[C@@]2([H])N(C(=O)C3(c4c([H])c([H])c(I)c([H])c4[H])C([H])([H])C3([H])[H])C([H])([H])[C@]([H])(S(=O)(=O)c3c([H])c([H])c([H])c([H])c3Cl)C2([H])[H])C([H])([H])C1([H])[H],3,Cys,25,A,TRUE,TRUE
2YJ9-YJ9,2YJ9,N#CC1(N([H])C(=O)[C@@]2([H])N(C(=O)C3(c4c([H])c([H])c(C(F)(F)F)c([H])c4[H])C([H])([H])C3([H])[H])C([H])([H])[C@]([H])(S(=O)(=O)c3c([H])c([H])c([H])c([H])c3Cl)C2([H])[H])C([H])([H])C1([H])[H],3,Cys,25,A,TRUE,TRUE
3HHA-NOW,3HHA,N#CC([H])([H])N([H])C(=O)[C@@]([H])(N([H])C(=O)c1c([H])c(C(C([H])([H])[H])(C([H])([H])[H])C([H])([H])[H])nn1C([H])([H])[H])C([H])([H])c1c([H])c([H])c([H])c(C([H])([H])[H])c1[H],3,Cys,25,A,TRUE,TRUE
3HWN-BD3,3HWN,[H]/N=C(/[H])c1nnc(-c2c([H])c([H])c([H])c(C([H])([H])[C@@]([H])(C(=O)N([H])C([H])([H])C#N)N([H])C(=O)c3c([H])c(C(C([H])([H])[H])(C([H])([H])[H])C([H])([H])[H])nn3C([H])([H])[H])c2[H])o1,3,Cys,25,A,TRUE,TRUE
3N3G-935,3N3G,N#Cc1nc(-c2c([H])c([H])c(OC([H])([H])C([H])([H])C([H])([H])N3C([H])([H])C([H])([H])N(C([H])([H])[H])C([H])([H])C3([H])[H])c(C(F)(F)F)c2[H])c([H])c([H])c1[H],3,Cys,25,B,TRUE,TRUE
3N4C-EF3,3N4C,N#Cc1nc(-c2cc(OC([H])([H])C([H])([H])C([H])([H])N3C([H])([H])C([H])([H])N(C([H])([H])[H])C([H])([H])C3([H])[H])c(C(F)(F)F)c([H])c2[H])c([H])c2c1nc([H])n2C([H])([H])[H],3,Cys,25,A,TRUE,TRUE
4BQV-8PW,4BQV,N#CC1(N([H])C(=O)[C@@]2([H])N(C(=O)C3(C([H])([H])[H])C([H])([H])C3([H])[H])C([H])([H])[C@]([H])(S(=O)(=O)c3c([H])c([H])c(OC([H])([H])C(F)(F)F)c([H])c3C(F)(F)F)C2([H])[H])C([H])([H])C1([H])[H],3,Cys,147,A,TRUE,TRUE
4BS5-MG2,4BS5,N#CC1(N([H])C(=O)[C@@]2([H])N([H])C([H])([H])[C@]([H])(S(=O)(=O)c3c([H])c([H])c([H])c([H])c3C(F)(F)F)C2([H])[H])C([H])([H])C1([H])[H],3,Cys,147,A,TRUE,TRUE
4BS6-JG7,4BS6,N#CC1(N([H])C(=O)[C@@]2([H])N(C(=O)C3(C(F)(F)F)C([H])([H])C3([H])[H])C([H])([H])[C@]([H])(S(=O)(=O)c3c([H])c([H])c(N4C([H])([H])C([H])([H])N(C([H])([H])C([H])([H])[H])C([H])([H])C4([H])[H])c([H])c3)C2([H])[H])C([H])([H])C1([H])[H],3,Cys,147,A,TRUE,TRUE
4BSQ-QQV,4BSQ,N#CC([H])([H])N([H])C(=O)[C@]1([H])C([H])([H])[C@@]([H])(S(=O)(=O)c2c([H])c([H])c([H])c([H])c2[H])C([H])([H])[C@@]1([H])C(=O)N1C([H])([H])C([H])([H])OC([H])([H])C1([H])[H],3,Cys,147,A,TRUE,TRUE
4CDC-6AO,4CDC,N#C[C@@H](NC(=O)[C@@H](N)CCC)Cc1ccc(-c2ccccc2)cc1,3,Cys,234,B,TRUE,TRUE
4CDD-GDI,4CDD,N#C[C@@H](NC(=O)[C@@H]1CCCCN1C(=O)c1ccc(-c2ccccc2C#N)cc1),3,Cys,234,B,TRUE,TRUE
4CDE-U6B,4CDE,N#C[C@@H](N([H])C(=O)[C@@H](CC1=CC=CC=C1)NC(=O)OC(C)(C)C)C1=CC=C(C2=CC=CC=C2C#N)C=C1,3,Cys,234,B,TRUE,TRUE
4CDF-W2C,4CDF,N#C[C@@H](N)Cc1ccc(Oc2ccccc2)cc1,3,Cys,234,B,TRUE,TRUE
4DMY-0LC,4DMY,[H]c1c(F)c([H])c2c3c(n([H])c2c1[H])C([H])([H])C([H])([H])N(C(=O)[C@]1([H])C([H])([H])C([H])([H])C([H])([H])C([H])([H])[C@@]1([H])C(=O)N([H])/C(=C\[H])C#N)C3([H])[H],3,Cys,25,A,TRUE,TRUE
4MZO-2EW,4MZO,N#CC([H])([H])N([H])C(=O)[C@]1([H])C([H])([H])N(S(=O)(=O)c2c([H])c([H])c([H])c([H])c2[H])C([H])([H])[C@@]1([H])C(=O)N1C([H])([H])C([H])([H])OC([H])([H])C1([H])[H],3,Cys,147,A,TRUE,TRUE
4MZS-2EV,4MZS,N#CC([H])([H])N([H])C(=O)[C@]1([H])C([H])([H])N(S(=O)(=O)c2c([H])c([H])c([H])c([H])c2Cl)C([H])([H])[C@@]1([H])C(=O)N1C([H])([H])C([H])([H])OC([H])([H])C1([H])[H],3,Cys,147,A,TRUE,TRUE
4PIQ-3FS,4PIQ,N#CC([H])([H])N([H])C(=O)C([H])([H])N([H])C(=O)[C@@]([H])(N([H])C(=O)C([H])([H])c1c([H])c(Cl)c([H])c(Cl)c1[H])[C@]([H])(O[H])C([H])([H])[H],3,Cys,122,A,TRUE,TRUE
4PIS-3FU,4PIS,N#Cc1nc([H])c([H])c(C([H])([H])N([H])C(=O)[C@@]([H])(N([H])C(=O)[C@@]([H])(c2c([H])c(Cl)c([H])c(Cl)c2[H])N(C([H])([H])[H])C([H])([H])[H])[C@@]([H])(C([H])([H])[H])C([H])([H])C([H])([H])[H])n1,3,Cys,122,A,TRUE,TRUE
4WX7-3VJ,4WX7,N#CC([H])([H])N([H])C(=O)C([H])([H])N([H])C(=O)c1c([H])c([H])c(OC([H])([H])[H])c(C(=O)C(c2c([H])c(Cl)c([H])c(Cl)c2[H])(C([H])([H])[H])C([H])([H])[H])c1[H],3,Cys,122,A,TRUE,TRUE
4X6J-3Y2,4X6J,N#CC([H])([H])N([H])C(=O)C1(N([H])C(=O)c2c([H])c([H])c(Cl)c([H])c2N([H])[H])C([H])([H])C([H])([H])C([H])([H])C([H])([H])C1([H])[H],3,Cys,25,A,TRUE,TRUE
5MQY-GH4,5MQY,N#Cc1nc([H])c(F)c(N(C([H])([H])c2c([H])c([H])c3c(c2[H])OC([H])([H])O3)C([H])([H])C([H])([H])Oc2c([H])c([H])c([H])c([H])c2[H])n1,3,Cys,25,A,TRUE,TRUE
5TDI-7AS,5TDI,N#CC1(N([H])C(=O)[C@@]([H])(N([H])[C@@]([H])(c2c([H])c([H])c(-c3c([H])c([H])c(S(=O)(=O)C([H])([H])[H])c([H])c3[H])c([H])c2[H])C(F)(F)F)C([H])([H])C(F)(C([H])([H])[H])C([H])([H])[H])C([H])([H])C1([H])[H],3,Cys,25,A,TRUE,TRUE
1F4C-TP2,1F4C,[H]SSC([H])([H])C([H])([H])N([H])C(=O)[C@]1([H])N(S(=O)(=O)c2c([H])c([H])c(C([H])([H])[H])c([H])c2[H])C([H])([H])C([H])([H])C1([H])[H],3,Cys,146,A,TRUE,TRUE
2IJN-221,2IJN,[H]SSC([H])(N([H])c1c([H])c(C(F)(F)F)c([H])c(C(F)(F)F)c1[H])[C@@]([H])(C#N)C(=O)N([H])[H],3,Cys,366,A,TRUE,TRUE
4LUC-20G,4LUC,SSc1ccccn1,3,Cys,12,A,TRUE,TRUE
4LV6-20H,4LV6,SSCc1ccccn1.[H]SC([H])([H])C([H])([H])N([H])C(=O)C1([H])C([H])([H])C([H])([H])N(C(=O)C([H])([H])Oc2c([H])c([H])c(Cl)c([H])c2Cl)C([H])([H])C1([H])[H],3,Cys,12,A,TRUE,TRUE
4PE1-DCD,4PE1,[H]SSC(=S)N(C([H])([H])C([H])([H])[H])C([H])([H])C([H])([H])[H],3,Cys,84,A,TRUE,TRUE
1F29-VS1,1F29,O=C(N[C@@H](CCC=CS(=O)(=O)c1ccccc1)C(=O)O)c1ccc(F)cc1,3,Cys,25,A,TRUE,TRUE
1F2A-VS2,1F2A,[H]c1c([H])c([H])c(C([H])([H])OC(=O)N([H])[C@]([H])(C(=O)N([H])[C@@]([H])(C([H])([H])C([H])([H])c2c([H])c([H])c([H])c([H])c2[H])C([H])([H])C([H])([H])S(=O)(=O)C([H])=C([H])[H])C([H])([H])c2c([H])c([H])c([H])c([H])c2[H])c([H])c1[H],3,Cys,25,A,TRUE,TRUE
1MEM-0D6,1MEM,C(=C/c1ccccc1)\C(=O)N[C@@H](CC=CS(=O)(=O)c1ccccc1)C(=O)O,3,Cys,25,A,TRUE,TRUE
1NPZ-C1P,1NPZ,C(=CC(=O)c1ccccc1)/C=C/S(=O)(=O)c1ccccc1,3,Cys,25,A,TRUE,TRUE
2AWZ-5H,2AWZ,O=C1SC(=S)N1/C=C/c1ccc(OC)cc1,3,Cys,366,A,TRUE,TRUE
2AX1-5EE,2AX1,N2C(=O)/C(=C\c3ccccc3)SC2=S,3,Cys,366,A,TRUE,TRUE
2G6D-MQQ,2G6D,O=C(N[C@@H](CC=CS(=O)(=O)c1ccccc1)C(=O)N1CCOCC1)c1ccccc1,3,Cys,25,A,TRUE,TRUE
3HD3-25B,3HD3,C(=C/c1ccccc1S(=O)(=O))\[C@@H](NC(=O)C1CCCCC1=O)c1ccc(Cl)cc1,3,Cys,25,A,TRUE,TRUE
3SZ9-I3E,3SZ9,CCCc1ccc(C(=O)C=C)cc1,3,Cys,302,A,TRUE,TRUE
3SZB-I1E,3SZB,[H]c1c([H])c([H])c(C(=O)C([H])=C([H])[H])c([H])c1[H],3,Cys,243,A,TRUE,TRUE
3W2P-W2P,3W2P,[H]c1nc(N([H])c2c([H])c([H])c(Oc3c([H])c([H])c([H])c(C(F)(F)F)c3[H])c(Cl)c2[H])c2c(n1)c([H])c([H])n2C([H])([H])C([H])([H])N([H])C(=O)C([H])=C([H])C([H])([H])N(C([H])([H])[H])C([H])([H])[H],3,Cys,797,A,TRUE,TRUE
3ZV9-G74,3ZV9,O=C1C(=CC(=O)N1)c1ccc(Cl)cc1,3,Cys,147,A,TRUE,TRUE
3ZVG-G86,3ZVG,[H]c1c([H])c([H])c(C([H])([H])[C@@]([H])(C(=O)N([H])[C@]([H])(C([H])([H])C([H])([H])C(=O)OC([H])([H])C([H])([H])[H])C([H])([H])[C@@]2([H])C(=O)N([H])C([H])([H])C2([H])[H])N([H])C(=O)/C(=C\[H])[H])c([H])c1[H],3,Cys,147,A,TRUE,TRUE
4GMX-K85,4GMX,C(=CN1N=NC(=C1)c1ccc(NC(=O)c2ccc(F)cc2)cc1)C(=O)OC(C)C,3,Cys,539,C,TRUE,TRUE
4HCU-13L,4HCU,O=C(C=C)N1CCC(Nc2ncnc3[nH]ccc23)CC1,3,Cys,442,A,TRUE,TRUE
4HCV-13J,4HCV,[H]c1nc(N([H])[H])c2c(-c3c([H])c([H])c([H])c(C(=O)N([H])c4c([H])c([H])c(C([H])(C([H])([H])[H])C([H])([H])[H])c([H])c4[H])c3[H])nn([C@]3([H])C([H])([H])N(C(=O)C([H])=C[H])C([H])([H])C([H])([H])C3([H])[H])c2n1,3,Cys,442,A,TRUE,TRUE
4M1O-21J,4M1O,O=C(CN1CCC(NS(=O)(=O)C=C)CC1)Oc1ccccc1,3,Cys,12,B,TRUE,TRUE
4M1S-21K,4M1S,[H]c1c([H])c(N([H])C([H])([H])C(=O)N2C([H])([H])C([H])([H])C([H])(N([H])S(=O)(=O)C([H])=C([H])[H])C([H])([H])C2([H])[H])c(Cl)c([H])c1Cl,3,Cys,12,B,TRUE,TRUE
4M1T-21M,4M1T,[H]c1c([H])c(OC([H])([H])C(=O)N2C([H])([H])C([H])([H])C([H])(N([H])S(=O)(=O)C([H])=C([H])[H])C([H])([H])C2([H])[H])c(Cl)c([H])c1Cl,3,Cys,12,B,TRUE,TRUE
4M1W-21R,4M1W,[H]c1c(Cl)c(Cl)c([H])c(C([H])([H])C([H])([H])[H])c1N([H])C([H])([H])C(=O)N1C([H])([H])C([H])([H])C([H])(N([H])S(=O)(=O)C([H])=C([H])[H])C([H])([H])C1([H])[H],3,Cys,12,B,TRUE,TRUE
4M1Y-21S,4M1Y,O=C(CNC1=NSN=C1Cl)N1CCC(NS(=O)(=O)C=C)CC1,3,Cys,12,B,TRUE,TRUE
4M22-22C,4M22,C(=O)(C=C)N1CCN(CC1)c1cc(Cl)c(Cl)cc1,3,Cys,12,B,TRUE,TRUE
4PE0-NQS,4PE0,O=C1C=CC(=O)c2ccccc21,3,Cys,84,X,TRUE,TRUE
4PE4-REV,4PE4,COc1ccc(/C(=C/CC)c2ccccc2)cc1OC,3,Cys,84,X,TRUE,TRUE
4PNC-7NP,4PNC,O=C1CC(=C)c2cc(OC)ccc21,3,Cys,59,A,TRUE,TRUE
4XCU-40M,4XCU,[H]c1c([H])c(N([H])C(=O)C([H])=C([H])[H])c(N([H])c2nc([H])c3c([H])c(-c4c(Cl)c(OC([H])([H])[H])c([H])c(OC([H])([H])[H])c4[H])c([H])c([H])c3n2)c([H])c1[H],3,Cys,552,A,TRUE,TRUE
4YHF-4C9,4YHF,O=C(/C(=C\CC(C)(C)C)C#N)N1CCC[C@@H](c2ccc(F)cc2F)C1,3,Cys,481,A,TRUE,TRUE
4ZZO-CQ3,4ZZO,[H]c1nc(N([H])C2([H])C([H])([H])C([H])([H])OC([H])([H])C2([H])[H])nc(N([H])c2c([H])c([H])c([H])c([H])c2[H])n1,3,Cys,166,A,TRUE,TRUE
5DAF-58E,5DAF,[H]OC1=C(C#N)C([H])([H])[C@]2(C([H])([H])[H])c3nn(C([H])([H])[H])c(-c4c([H])nc([H])c([H])c4[H])c3C([H])([H])C([H])([H])[C@@]2([H])[C@]1([H])C([H])([H])[H],3,Cys,151,A,TRUE,FALSE
5HG7-630,5HG7,[H]c1nn(C([H])([H])[H])c([H])c1N([H])c1nc(OC([H])([H])[C@@]2([H])C([H])([H])N(C(=O)C([H])=C([H])[H])C([H])([H])[C@]2([H])OC([H])([H])[H])c2c(Cl)c([H])n([H])c2n1,3,Cys,797,A,TRUE,TRUE
5HG8-634,5HG8,Cc1cc(Nc2nccc(-c3ccc(NC(=O)C=C)cc3)n2)n[nH]1,3,Cys,797,A,TRUE,TRUE
5HG9-63A,5HG9,[H]c1nn(C([H])([H])[H])c([H])c1N([H])c1nc(OC([H])([H])[C@@]2([H])C([H])([H])N(C(=O)C([H])=C([H])[H])C([H])([H])[C@@]2([H])[H])c([H])c([H])c1[H],3,Cys,797,A,TRUE,TRUE
5IYT-NZN,5IYT,O=C(/C=C/C(=O)NCCCn1cc(-c2ccccc2)nn1)Nc1ccc(F)cc1,3,Cys,147,B,TRUE,TRUE
5J7S-6H3,5J7S,[H]c1nc(N([H])c2c([H])c([H])c(N3C([H])([H])C([H])([H])N(C([H])([H])[H])C([H])([H])C3([H])[H])c([H])c2[H])nc(N([H])c2c([H])c([H])c([H])c([H])c2N([H])C(=O)C([H])=C([H])[H])c1Cl,3,Cys,174,A,TRUE,TRUE
5LCK-6TT,5LCK,[H]c1nc([H])c(N([H])c2nc([H])c(C(F)(F)F)c(N([H])c3c([H])c([H])c([H])c([H])c3N([H])C(=O)C([H])=C([H])[H])n2)c([H])c1OC([H])([H])[H],3,Cys,166,A,TRUE,TRUE
5LWN-79S,5LWN,[H]c1c(-c2nc3c([H])nc4c(c([H])c([H])n4[H])c3n2[C@@]2([H])C([H])([H])C([H])([H])C([H])([H])C([H])([H])[C@@]2([H])C([H])([H])[H])oc(/C(=C/C#N)C(=O)N(C([H])([H])[H])C([H])([H])[H])c1[H],3,Cys,909,A,TRUE,TRUE
5O8U-9O5,5O8U,O=C(CCc1ccc(NC(=O)c2ccc(F)cc2)cc1)C=CC(=O)C,3,Cys,252,A,TRUE,TRUE
5O8V-9O2,5O8V,C(=C)c1ccc(Nc2ncnc3ccccc23)cc1,3,Cys,251,A,TRUE,TRUE
5P9J-8E8,5P9J,[H]c1nc(N([H])[H])c2c(-c3c([H])c([H])c(Oc4c([H])c([H])c([H])c([H])c4[H])c([H])c3[H])nn([C@@]3([H])C([H])([H])N(C(=O)C([H])=C([H])[H])C([H])([H])C([H])([H])C3([H])[H])c2n1,3,Cys,481,A,TRUE,TRUE
5P9K-7G8,5P9K,[H]c1nc(C(=O)N([H])C([H])([H])[H])c([H])c(Oc2c([H])c([H])c(N([H])c3nc([H])c(F)c(N([H])c4c([H])c([H])c([H])c(N([H])C(=O)C([H])=C([H])[H])c4[H])n3)c([H])c2[H])c1[H],3,Cys,481,A,TRUE,TRUE
5TTS-7KU,5TTS,[H]c1nc(N([H])[C@@]2([H])C([H])([H])N(C(=O)C([H])=C([H])[H])C([H])([H])C([H])([H])C2([H])[H])c2c([H])c([H])n([H])c2n1,3,Cys,909,A,TRUE,TRUE
5TTU-7KV,5TTU,[H]c1nc(N2C([H])([H])C([H])([H])[C@]3([H])C([H])([H])C([H])([H])N(C(=O)C([H])=C([H])[H])C([H])([H])[C@]23[H])c2c([H])c([H])n([H])c2n1,3,Cys,909,A,TRUE,TRUE
5TTV-7KX,5TTV,[H]c1nc(-c2c([H])c([H])c([H])c(N([H])C(=O)C([H])=C([H])[H])c2[H])c([H])c([H])c1[H],3,Cys,909,A,TRUE,TRUE
5UG8-8BP,5UG8,O=C1CN(C(=O)C([H])=C([H])[H])CCN1Cc1ccccc1,3,Cys,797,A,TRUE,TRUE
5UGC-8BS,5UGC,O=C(C=C)N1CCC[C@@H]1C(=O)Nc1ccc(F)cc1F,3,Cys,797,A,TRUE,TRUE
5V88-8ZD,5V88,[H]c1c([H])c([H])c(C([H])([H])N(C(=O)N([H])c2c([H])c([H])c([H])c(C(F)(F)F)c2[H])C2([H])C([H])([H])C([H])([H])N([C@]([H])(C([H])([H])[H])C([H])([H])C([H])([H])C([H])([H])[H])C([H])([H])C2([H])[H])c(N([H])C(=O)C([H])=C([H])[H])c1[H],3,Cys,1115,A,TRUE,TRUE
2DW5-BFB,2DW5,CC(=N)NCC(=O)Nc1ccc(cc1)C(=O)NCCCC[C@@H](N)C(=O)O,3,Cys,645,A,TRUE,TRUE
5L6P-6P8,5L6P,[H]c1nc(N([H])c2c([H])c([H])c([H])c([H])c2[H])c2c([H])c([H])c(N([H])C(=O)CCl)c([H])c2n1,3,Cys,717,A,TRUE,TRUE
2CNO-M60,2CNO,[H]OC(=O)C([H])([H])N(C(=O)C([H])([H])[C@]([H])1OC1C(=O)N([H])C([H])([H])C([H])([H])c1c([H])c([H])c([H])c([H])c1[H])N([H])C(=O)[C@@]([H])(N([H])C(=O)[C@@]([H])(N([H])C(=O)OC([H])([H])c1c([H])c([H])c([H])c([H])c1[H])C([H])([H])C([H])([H])C(=O)O[H])C([H])(C([H])([H])[H])C([H])([H])[H],3,Cys,163,A,TRUE,TRUE
2OP9-WR1,2OP9,[H]OC([H])([H])C([H])([H])C1(OC1)[C@]([H])(N([H])C(=O)[C@@]([H])(N([H])C(=O)OC([H])([H])c1c([H])c([H])c([H])c([H])c1[H])C([H])([H])c1c([H])c([H])c([H])c([H])c1[H])C([H])([H])[H],3,Cys,145,B,TRUE,TRUE
