Name,LigID,warhead_type,notes,api_called,IsTransformed,transformed_ligand_smiles,is_reaction_compatible,warhead,reason
MNO,MNO,Addition to aldehyde,,True,True,[H]C(=O)[C@@]([H])(N([H])C(=O)[C@@]1([H])N(C(=O)[C@@]([H])(N([H])C(=O)c2c([H])c([H])c3c([H])c([H])c([H])c([H])c3c2[H])C([H])(C([H])([H])[H])C([H])([H])[H])C([H])([H])C([H])([H])C1([H])[H])C([H])([H])S(=O)(=O)N1C([H])([H])C([H])([H])N(C([H])([H])C([H])([H])1)C(=O)OC(C([H])([H])[H])(C([H])([H])[H])C([H])([H])[H],True,aldehyde,"The SMILES already contains an aldehyde (CHO) in its pre-reaction electrophilic form, requiring no transformation."
P10,P10,Addition to aldehyde,,True,True,O=C([H])C(=O),True,aldehyde,The post-reaction CH2OH group was converted back to the pre-reaction aldehyde (CHO) warhead by reversing the nucleophilic addition.
C4P,C4P,Addition to aldehyde,,True,True,[H]C(=O),True,aldehyde,"The aldehyde group is intact and unreacted, representing the pre-reaction electrophilic warhead for nucleophilic addition."
TCO,TCO,Addition to aldehyde,,True,False,[H]C(=O)[C@@]([H])(N([H])C(=O)OC(C([H])([H])[H])(C([H])([H])[H])C([H])([H])[H])C1([H])C([H])([H])C([H])([H])C([H])([H])C([H])([H])C1([H])[H],True,aldehyde,"The input SMILES already contains an intact aldehyde warhead with no nucleophilic adduct present, so no transformation is needed."
NA3,NA3,Addition to aldehyde,,True,False,[H]OC(=O)C([H])([H])[C@@]([H])(C([H])=O)N([H])C(=O)c1c([H])nc([H])c(Br)c1[H],True,aldehyde,"The aldehyde warhead (C([H])=O) is intact in the input SMILES, representing the pre-reaction electrophilic state ready for nucleophilic addition."
NA4,NA4,Addition to aldehyde,,True,True,C(=O)N([H])[C@]([H])(C([H])=O)C([H])([H])C(=O)O[H],True,aldehyde,"The aldehyde group (CHO) is intact in the input SMILES, representing the pre-reaction electrophilic warhead before nucleophilic addition."
4QB,4QB,Addition to aldehyde,,True,True,[H]OC(=O)C([H])([H])[C@@]([H])(C([H])=O)N([H])C(=O),True,aldehyde,The molecule contains an unreacted aldehyde warhead (C([H])=O) that is compatible with nucleophilic addition but has not yet undergone the reaction.
HQC,HQC,Addition to aldehyde,,True,True,[C@@]([H])(C([H])=O)N([H])C(=O),True,aldehyde,The aldehyde group C([H])=O remains intact in the molecule and has not been converted to a hemithioacetal or hemiaminal adduct.
YBH,YBH,Addition to aldehyde,,True,True,[H]OC(=O)C([H])([H])[C@@]([H])(C([H])=O)N([H])C(=O),True,aldehyde,The aldehyde group (C([H])=O) is still present in the structure and has not yet undergone nucleophilic addition.
CT1,CT1,Addition to aldehyde,,True,False,[H]C(=O)[C@@]([H])(N([H])C(=O)O[C@]([H])(C([H])([H])c1c([H])c([H])c([H])c([H])c1[H])C([H])(C([H])([H])[H])C([H])([H])[H])C([H])([H])C([H])([H])C([H])([H])C([H])([H])[H],True,aldehyde,"The molecule already contains a free aldehyde warhead capable of nucleophilic addition, so no transformation was needed."
CT2,CT2,Addition to aldehyde,,True,False,[H]C(=O)[C@@]([H])(N([H])C(=O)OC1(C([H])([H])c2c([H])c([H])c([H])c([H])c2[H])C([H])([H])C([H])([H])C([H])([H])C1([H])[H])C([H])([H])C([H])([H])C([H])([H])C([H])([H])[H],True,aldehyde,"The input already contains a free aldehyde warhead capable of nucleophilic addition, so no transformation is needed."
0M6,0M6,Addition to aldehyde,,True,True,OCC(=O)[C@H](N)CO,True,aldehyde,"The aldehyde carbon underwent nucleophilic addition, converting the C=O to a C-OH bearing two hydroxymethyl groups and an amine."
NOL,NOL,Addition to aldehyde,,True,True,[H]OC([H])([H])[C@@]([H])(N([H])[H])C([H])([H])[C@@]1([H])C(=O)N([H])C([H])([H])C1([H])[H],True,aldehyde,"The aldehyde warhead has reacted with a nucleophile to form a hemiaminal or hemithioacetal, converting the aldehyde carbon to a hydroxyl-bearing sp3 carbon."
TF5,TF5,Addition to aldehyde,,True,True,[H]C(=O)COc1c([H])c([H])c([H])c([H])c1-c1c([H])c([H])c(F)c(F)c1F,True,aldehyde,"The terminal -CH2OH group is the product of nucleophilic addition to an aldehyde (-CHO), so the pre-reaction warhead is the corresponding phenoxyacetaldehyde derivative."
I0Y,I0Y,Addition to aldehyde,,True,True,O=CC(=O),True,aldehyde,"The HOCH2-C(=O)- fragment represents the nucleophilic addition product of an aldehyde warhead, where the pre-reaction electrophile is a glyoxal-type aldehyde O=CC(=O)."
O64,O64,Addition to aldehyde,,True,False,[H]C(=O)[C@@]([H])(N([H])C(=O)c1c([H])c([H])c([H])c(C(F)(F)F)c1Cl)C([H])([H])C([H])([H])[H],True,aldehyde,"The molecule contains an intact aldehyde warhead in its pre-reaction form, ready for nucleophilic addition."
S89,S89,Addition to aldehyde,,True,False,[H]OC([H])([H])[C@@]([H])(N([H])C(=O)[C@@]([H])(N([H])C(=O)/C([H])=C(\[H])c1c([H])c([H])c([H])c([H])c1[H])C([H])([H])c1c([H])c([H])c([H])c([H])c1[H])C([H])([H])c1c([H])c([H])c([H])c([H])c1[H],True,aldehyde,"The hemiaminal/amino alcohol beta-amino alcohol motif is the product of nucleophilic amine addition to an aldehyde, indicating the aldehyde warhead was transformed."
K36,K36,Addition to aldehyde,,True,True,O=C[H],True,aldehyde,The bisulfite adduct carbon bearing both -OH and -SO3H was reconstructed to its original aldehyde (CHO) form by removing the bisulfite addition.
3BL,3BL,Addition to aldehyde,,True,False,[H]C(=O)[C@@]([H])(N([H])C([H])([H])[C@@]1([H])N(C(=O)c2c([H])c([H])c(-c3c([H])c([H])c([H])c([H])c3[H])c([H])c2[H])C([H])([H])[C@@]2([H])C([H])([H])C([H])([H])C([H])([H])C([H])([H])[C@]2([H])C1([H])[H])C([H])([H])c1c([H])nc([H])n1[H],True,aldehyde,The aldehyde group remains intact as C(=O) and has not yet undergone nucleophilic addition to form a hemiaminal or hemiacetal.
GHV,GHV,Addition to aldehyde,,True,True,[H]OC([H])([H])[C@@]([H])(N([H])C(=O)C([H])([H])[C@@]1([H])C(=O)N([H])C([H])([H])C1([H])[H]),True,aldehyde,The aldehyde underwent nucleophilic addition with an amine to form a hemiaminal adduct bearing both -OH and -NH- on the former carbonyl carbon.
GHX,GHX,Addition to aldehyde,,True,True,[H]OC([H])([H])C([H])([H])[C@@]1([H])C(=O)N([H])C([H])([H])C1([H])[H],False,aldehyde,The primary alcohol (-CH2OH) present does not match the expected secondary alcohol hemiaminal/hemithioacetal product of aldehyde addition with a nucleophile.
GHY,GHY,Addition to aldehyde,,True,True,[H]OC([H])([H])[C@@]([H])(N([H])C(=O)[H]),True,aldehyde,"The primary alcohol group (-CH2OH) is consistent with nucleophilic addition to an aldehyde carbonyl, indicating the warhead has been transformed."
V64,V64,Addition to aldehyde,,True,False,[H]OC([H])([H])[C@@]1([H])N([H])C(=O)[C@]([H])(C([H])([H])C2([H])C([H])([H])C([H])([H])C([H])([H])C([H])([H])C2([H])[H])N([H])C(=O)[C@@]([H])(N([H])C(=O)OC(C([H])([H])[H])(C([H])([H])[H])C([H])([H])[H])C([H])([H])C([H])([H])c2nnc(o2)C([H])([H])C([H])([H])C([H])([H])C([H])([H])N([H])C(=O)C([H])([H])C1([H])[H],True,aldehyde,The aldehyde warhead has reacted with an amine nucleophile to form a hemiaminal adduct.
V69,V69,Addition to aldehyde,,True,False,[H]OC([H])([H])[C@@]1([H])N([H])C(=O)[C@]([H])(C([H])([H])C([H])(C([H])([H])[H])C([H])([H])[H])N([H])C(=O)O[C@]([H])(C([H])([H])C([H])([H])C([H])([H])C([H])([H])C([H])([H])[H])C([H])([H])C([H])([H])C([H])([H])C([H])([H])C([H])([H])N([H])C(=O)C([H])([H])C1([H])[H],True,aldehyde,The aldehyde carbon has reacted with a nucleophilic amine to form a hemiaminal product.
PCM,PCM,Addition to ketone,,True,False,[H]c1c([H])c([H])c(C([H])([H])OC(=O)N([H])[C@]([H])(C(=O)N2C([H])([H])C(=O)[C@]([H])(N([H])C(=O)[C@@]([H])(N([H])C(=O)OC([H])([H])c3c([H])c([H])c([H])c([H])c3[H])C([H])([H])C([H])(C([H])([H])[H])C([H])([H])[H])C2([H])[H])C([H])([H])C([H])(C([H])([H])[H])C([H])([H])[H])c([H])c1[H],False,ketone,"No ketone or resulting hydroxyl group from ketone addition was clearly identified in the structure; the carbonyl present appears to be a lactam (amide), not a ketone."
INP,INP,Addition to ketone,,True,False,[H]c1nc([H])c([H])c(C([H])([H])OC(=O)N([H])[C@]([H])(C(=O)N([H])[C@@]2([H])C(=O)C([H])([H])N(C([H])([H])[C@@]([H])(N([H])C(=O)OC([H])([H])c3c([H])c([H])c([H])c([H])c3[H])C([H])([H])C([H])(C([H])([H])[H])C([H])([H])[H])C2([H])[H])C([H])([H])C([H])(C([H])([H])[H])C([H])([H])[H])c1[H],True,ketone,The cyclic ketone warhead is compatible with nucleophilic addition and undergoes transformation upon reaction.
I10,I10,Addition to ketone,,True,False,[H]O[C@]([H])(C([H])([H])N([H])C(=O)[C@@]([H])(c1c([H])c([H])c([H])c(-c2c([H])c([H])c([H])c([H])c2[H])c1[H])C([H])([H])C([H])(C([H])([H])[H])C([H])([H])[H])C([H])([H])N([H])S(=O)(=O)c1nc([H])c([H])c([H])c1[H],True,ketone,"The secondary alcohol in the post-reaction SMILES results from nucleophilic addition to a ketone carbonyl, which in the pre-reaction state exists as C=O."
2CA,2CA,Addition to ketone,,True,True,O=C1CN(S(=O)(=O)c2ccccc2)[C@@H](CC1)C(=O)NCC(=O)N,True,ketone,"The ketone C=O in the ring acts as an electrophilic warhead that undergoes nucleophilic addition, converting C=O to C-OH or C-N in the post-reaction state."
PZN,PZN,Addition to ketone,,True,True,C(=O)C([H])([H])N(C([H])([H])[H])C([H])([H])C([H])([H])C([H])([H])C([H])([H])C([H])([H])C([H])([H])[H],True,ketone,"The input contains an intact ketone carbonyl group that serves as the electrophilic warhead for nucleophilic addition, and no transformation has occurred yet."
FSP,FSP,Addition to ketone,,True,True,N([H])C(=O)C(=O)[C@@]([H])(N),True,alpha-ketoamide,"The alpha-ketoamide warhead is intact and already in the pre-reaction electrophilic state, requiring no transformation."
3FC,3FC,Addition to ketone,,True,True,C(=O)C(=O)N([H])N2C(=O)OC([H])([H])C2([H])[H],True,alpha-ketoamide,The fragment contains an intact alpha-ketoamide (C(=O)C(=O)) warhead that has not yet undergone addition reaction.
4PR,4PR,Addition to ketone,,True,False,[H]O[C@]([H])(C(=O)N([H])[C@@]([H])(c1c([H])c([H])c([H])c([H])c1[H])C([H])([H])[H])[C@@]([H])(N([H])C(=O)O[C@]1([H])C([H])([H])N(C(=O)N([H])c2c(C([H])([H])[H])noc2C([H])([H])[H])C([H])([H])C1(C([H])([H])[H])C([H])([H])[H])C([H])([H])C([H])([H])C([H])([H])C([H])([H])[H],True,alpha-ketoamide,The secondary alcohol bearing an adjacent amide represents the tetrahedral adduct formed by nucleophilic addition to an alpha-ketoamide ketone carbonyl.
K2Z,K2Z,Addition to ketone,,True,True,O=C(CN1CCN(C(=O)c2ccc(Cl)cc2)CC1)C(=O)NC(Cc1ccccc1)C(=O)O,True,ketone,"The secondary alcohol (HO-CH) in the input is the product of nucleophilic addition to a ketone, so the pre-reaction electrophile contains a C=O (ketone) in place of the CHOH group."
34H,34H,Addition to ketone,,True,True,OC(=O)C(=O)Cc1ccc(O)cc1,True,alpha-keto acid (ketone),The alpha-hydroxy group in the post-reaction state is replaced with a ketone to give the pre-reaction alpha-keto acid.
H0E,H0E,Addition to ketone,,True,True,O=C1c2nc([H])([H])n2c2ccccc21,True,ketone,"The tertiary alcohol with OH and H at the stereocenter represents the post-addition product of nucleophilic addition to a ketone, so the pre-reaction state has a C=O at that position."
1VL,1VL,Addition to ketone,,True,True,[H]O[C@]1([H])C(=O)Nc2ccccc21,True,ketone,The 3-position ketone of the isatin-derived oxindole underwent nucleophilic addition to form a hemiaminal/carbinolamine product.
BLN,BLN,Addition to nitrile,,True,True,C([H])([H])OC([H])([H])[C@@]([H])(C#N)N([H])C(=O),True,nitrile,"The nitrile (C#N) is intact in the structure, representing the pre-reaction electrophilic warhead ready for nucleophilic addition."
IHE,IHE,Addition to nitrile,,True,False,[H]c1nc2c(N([H])C3([H])C([H])([H])C([H])([H])C([H])([H])C([H])([H])C3([H])[H])nc(C#N)nc2n1C([H])([H])C([H])([H])N1C([H])([H])C([H])([H])N(C([H])([H])[H])C([H])([H])C1([H])[H],True,nitrile,"The nitrile group is intact and already represents the pre-reaction electrophilic warhead, requiring no transformation."
IHI,IHI,Addition to nitrile,,True,False,[H]c1nc([H])n(C([H])([H])C([H])([H])C([H])([H])Oc2c([H])c([H])c([H])c([H])c2N([H])c2nc(C#N)nc3c2nc([H])n3C2([H])C([H])([H])C([H])([H])C([H])([H])C2([H])[H])c1[H],True,nitrile,"The nitrile group (C#N) is intact and unreacted, representing the pre-reaction electrophilic warhead ready for nucleophilic addition."
NBL,NBL,Addition to nitrile,,True,False,[H]c1c([H])c([H])c(C([H])([H])OC(=O)N([H])[C@]([H])(C(=O)N([H])[C@@]2([H])C([H])([H])N(C#N)C([H])([H])C2([H])[H])C([H])([H])C([H])(C([H])([H])[H])C([H])([H])[H])c([H])c1[H],True,cyanamide,"The input SMILES contains an intact cyanamide group (-N-C≡N), which is the pre-reaction electrophilic warhead ready for nucleophilic addition."
NOQ,NOQ,Addition to nitrile,,True,True,N#CC([H])([H])S(=O)(=O)c1ccccc1,True,nitrile,"The nitrile group undergoes nucleophilic addition, converting C≡N to an amide or amidine product."
CRJ,CRJ,Addition to nitrile,,True,True,C(=O)N([H])C2(C#N)C([H])([H])C2([H])[H],True,nitrile,The nitrile (C#N) group on the cyclopropane ring is intact and has not yet reacted with a nucleophile.
CRV,CRV,Addition to nitrile,,True,True,N([H])[C@]([H])(C(=O)N([H])C2(C([H])([H])N([H])[H])CC2)C([H])([H])S(=O)(=O)C([H])([H])c1ccccc1,False,nitrile,"The input SMILES contains a sulfonyl group but no nitrile (C≡N) warhead, so it is not compatible with nitrile addition reaction."
C71,C71,Addition to nitrile,,True,True,N#C[C@@H](CC1(C)CCCC1)C(=O)Nc1ccc(S(=O)(=O)N)cc1,True,nitrile,"The sulfonamide nitrogen attacked the nitrile carbon to form an amidine-type adduct, converting C#N to C=N."
C28,C28,Addition to nitrile,,True,True,N#CC1(CN)CC1,True,nitrile,"The amide carbonyl in the cyclopropane-containing fragment is consistent with a nitrile that underwent nucleophilic addition, converting C≡N to C(=O)N."
CKE,CKE,Addition to nitrile,,True,True,NCC1=NC=NC2=NC=NC12,True,nitrile,The nitrile group has been converted to an aminomethyl group via addition reaction.
424,424,Addition to nitrile,,True,True,N#CC1(NC(=O)c2ccc(F)cc2)CC1,True,nitrile,The amidine group in the post-reaction SMILES was converted back to the nitrile warhead representing the pre-reaction state.
DJT,DJT,Addition to nitrile,,True,True,N#CC1(N([H])C(=O)c2ccccc2)CC1([H])[H],True,nitrile,The amidine group (HC=NH) in the product corresponds to a nitrile (C#N) in the pre-reaction SMILES that underwent nucleophilic addition.
XU5,XU5,Addition to nitrile,,True,False,[H]/N=C(\[H])C1(N([H])C(=O)[C@@]2([H])N(C(=O)C3(c4c([H])c([H])c(C([H])([H])[H])c([H])c4[H])C([H])([H])C3([H])[H])C([H])([H])[C@]([H])(S(=O)(=O)c3c([H])c([H])c([H])c([H])c3Cl)C2([H])[H])C([H])([H])C1([H])[H],True,nitrile,"The amidine group ([H]/N=C(\[H])-) in the input is the product of nucleophilic addition to a nitrile, so the pre-reaction form replaces it with a nitrile (C#N) on the cyclobutane ring."
YJ2,YJ2,Addition to nitrile,,True,True,N#CC1(CC(=O)c2ccc(F)cc2)CCC1,True,nitrile,The amidine group in the product corresponds to a nitrile warhead in the pre-reaction SMILES that underwent nucleophilic addition.
YJ8,YJ8,Addition to nitrile,,True,True,N#CC1(N([H])C(=O)[C@@]2([H])N(C(=O)C3(c4c([H])c([H])c(I)c([H])c4[H])C([H])([H])C3([H])[H])C(=O)C([H])([H])[C@]2([H])C([H])([H])C([H])([H])[H])C([H])([H])C1([H])[H],True,nitrile,The imine/amidine group resulting from nucleophilic addition to a nitrile was converted back to the pre-reaction nitrile (C#N) on the cyclobutane carbon.
YJ9,YJ9,Addition to nitrile,,True,True,N#CC1(N([H])C(=O)c2cc(F)cc(F)c2)C([H])([H])C1([H])[H],True,nitrile,The imine/amidine group in the post-reaction SMILES was converted back to a nitrile (C≡N) representing the pre-reaction warhead state.
NOW,NOW,Addition to nitrile,,True,True,N#CCC([H])([H])N([H])C(=O),True,nitrile,"The amidine group in the product corresponds to a nitrile warhead that underwent nucleophilic addition, so the pre-reaction SMILES contains a nitrile in place of the amidine."
BD3,BD3,Addition to nitrile,,True,True,O=C(Nc1nc2ccccc2s1)NC([H])([H])C#N,True,nitrile,"The imine group (/C([H])=N/[H]) in the post-reaction product is converted back to a nitrile (C#N), representing the pre-reaction warhead state."
QL2,QL2,Addition to nitrile,,True,False,[H]c1c(F)c([H])c(N([H])c2nc(C#N)nc3c2nc([H])n3C([H])([H])C([H])([H])[H])c([H])c1F,True,nitrile,"The nitrile (C#N) warhead is already intact and unreacted, making this the pre-reaction state."
ORG,ORG,Addition to nitrile,,True,False,[H]N1C([H])([H])C([H])([H])N(c2nc(C#N)nc(N([H])C3([H])C([H])([H])C([H])([H])C([H])([H])C([H])([H])C3([H])[H])n2)C([H])([H])C1([H])[H],True,nitrile,"The nitrile (C#N) warhead is intact and present in the pre-reaction state, not yet converted to an amidine or imine."
ORH,ORH,Addition to nitrile,,True,True,O=c1cc(C#N)c(=O)[nH]1,True,nitrile,"The nitrile group (C#N) is intact and unreacted, representing the pre-reaction electrophilic warhead ready for nucleophilic addition."
KWZ,KWZ,Addition to nitrile,,True,False,[H]c1c(-c2c([H])c([H])c([H])c(C(F)(F)F)c2[H])nc(C#N)nc1C([H])([H])C([H])([H])C([H])([H])N1C([H])([H])C([H])([H])C([H])([H])C([H])([H])C1([H])[H],True,nitrile,"The nitrile (C#N) warhead is intact and in its pre-reaction electrophilic form, ready for nucleophilic addition."
935,935,Addition to nitrile,,True,True,N#Cc1nc(-c2c([H])c([H])c(OC([H])([H])C([H])([H])C([H])([H])N3C([H])([H])C([H])([H])N(C([H])([H])[H])C([H])([H])C3([H])[H])c([H])c2[H])c([H])c([H])c1[H],True,nitrile,The amidine group (HN=CH-) was converted back to its pre-reaction nitrile (C#N) warhead form.
EF3,EF3,Addition to nitrile,,True,False,[H]/N=C(\[H])c1nc(-c2c([H])c([H])c(OC([H])([H])C([H])([H])C([H])([H])N3C([H])([H])C([H])([H])N(C([H])([H])[H])C([H])([H])C3([H])[H])c(C(F)(F)F)c2[H])c([H])c2c1nc([H])n2C([H])([H])[H],False,nitrile,The fragment appears to represent a post-reaction amidine/imine product rather than an unreacted nitrile electrophile.
O75,O75,Addition to nitrile,,True,False,[H]c1c(-c2c([H])c(C(=O)N(C([H])([H])c3c([H])c([H])c([H])c([H])c3[H])C([H])([H])C([H])([H])N(C([H])([H])[H])C([H])([H])[H])c([H])c(C(F)(F)F)c2[H])nc(C#N)nc1C([H])([H])C([H])([H])C([H])([H])[H],True,nitrile,"The molecule contains an intact C#N nitrile group, which is the pre-reaction electrophilic warhead and has not yet undergone addition."
OFH,OFH,Addition to nitrile,,True,False,[H]/N=C(\[H])C1(N([H])C(=O)[C@@]2([H])N(C(=O)C3(C(F)(F)F)C([H])([H])C3([H])[H])C([H])([H])[C@]([H])(S(=O)(=O)c3c([H])c([H])c(O[C@@]([H])(C([H])([H])[H])C(F)(F)F)c([H])c3Cl)C2([H])[H])C([H])([H])C1([H])[H],True,nitrile,"The amidine group in the input represents the post-reaction product of nucleophilic addition to a nitrile, so the pre-reaction SMILES restores the nitrile (C#N) electrophile."
8PW,8PW,Addition to nitrile,,True,True,N#CC1(N([H])C(=O)[C@@]2([H])N(C(=O)C3(C([H])([H])C([H])([H])C([H])([H])C([H])([H])C3([H])[H])C(=O)N2[H])C([H])([H])C([H])([H])C1([H])[H]),True,nitrile,The amidine group in the post-reaction SMILES was converted back to the nitrile warhead by replacing the [H]/N=C(\[H]) fragment with C#N.
MG2,MG2,Addition to nitrile,,True,True,N#CC1(CC1)c1ccc(F)cc1,True,nitrile,"The amidine group in the product corresponds to nucleophilic addition to a nitrile warhead, so the pre-reaction SMILES contains a nitrile (C≡N) at that position."
JG7,JG7,Addition to nitrile,,True,True,N#CC1(N([H])C(=O)[C@@]2([H])N(C(=O)C3(C(F)(F)F)C([H])([H])C3([H])[H])C([H])([H])[C@]([H])(S(=O)(=O)c3c([H])c([H])c(N4C([H])([H])C([H])([H])N(C([H])([H])C([H])([H])[H])C([H])([H])C4([H])[H])c([H])c3Cl)C2([H])[H])C([H])([H])C1([H])[H],True,nitrile,"The amidine group in the product was converted back to a nitrile, representing the pre-reaction state before nucleophilic addition."
QQV,QQV,Addition to nitrile,,True,True,N#CC([H])([H])N([H])C(=O),True,nitrile,"The amidine group in the input SMILES is the product of nucleophilic addition to a nitrile, so the pre-reaction SMILES contains the nitrile warhead N#C-."
6AO,6AO,Addition to nitrile,,True,True,N[C@@H](CC)C(=O)N[C@@H](C#N)Cc1ccc(-c2ccccc2)cc1,True,nitrile,The amidine group (post-addition product) was converted back to the pre-reaction nitrile electrophile.
GDI,GDI,Addition to nitrile,,True,False,[H]/N=C(\[H])[C@@]([H])(N([H])C(=O)[C@@]1([H])N([H])C([H])([H])C([H])([H])C([H])([H])C1([H])[H])C([H])([H])c1c([H])c([H])c(-c2c([H])c([H])c(C#N)c([H])c2[H])c([H])c1[H],True,nitrile,The amidine group in the product was converted back to a nitrile warhead representing the pre-reaction state before nucleophilic addition.
U6B,U6B,Addition to nitrile,,True,True,N#C[C@@H](NC(=O)C1(N)CCOCC1)Cc1ccc(-c2ccc(C#N)cc2)cc1,True,nitrile,The amidine group was converted back to a nitrile warhead representing the pre-reaction state before nucleophilic addition.
W2C,W2C,Addition to nitrile,,True,False,[H]/N=C(\[H])[C@@]([H])(N([H])C(=O)[C@@]1([H])N([H])C([H])([H])C([H])([H])[C@]([H])(O[H])C1([H])[H])C([H])([H])c1c([H])c([H])c(-c2c([H])c([H])c(C#N)c([H])c2[H])c([H])c1[H],True,nitrile,"The amidine group in the post-reaction product was converted back to a nitrile (C≡N), representing the pre-reaction electrophilic warhead before nucleophilic addition."
0LB,0LB,Addition to nitrile,,True,True,C(=O)N([H])C3(C#N)C([H])([H])C3([H])[H],True,nitrile,"The nitrile group C#N remains intact in the input SMILES, indicating this is the pre-reaction state of a nitrile warhead on a cyclopropylamine scaffold."
0LC,0LC,Addition to nitrile,,True,True,C(=O)N([H])C1(C#N)C([H])([H])C1([H])[H],True,nitrile,"The nitrile group (C#N) is still intact and has not yet undergone nucleophilic addition, so this represents the pre-reaction state."
2EW,2EW,Addition to nitrile,,True,True,N#CCC(=O),True,nitrile,"The amidine group in the fragment indicates nucleophilic addition to a nitrile warhead has occurred, converting C≡N to C(=NH)."
2EV,2EV,Addition to nitrile,,True,True,N#CCC([H])([H])N([H])C(=O)[C@]1([H])C([H])([H])N(S(=O)(=O)c2c([H])c([H])c([H])c([H])c2[H])C([H])([H])1,True,nitrile,"The amidine group in the product was formed by nucleophilic addition of an amine to a nitrile, so the pre-reaction SMILES contains a nitrile (C#N) instead of the amidine."
3FS,3FS,Addition to nitrile,,True,True,N#CCC(=O)NC(=O)[C@@H](NC(=O)Cc1cc(Cl)cc(Cl)c1)[C@@H](O)C,True,nitrile,"The amidine group in the product was formed by nucleophilic addition of an amine to a nitrile, so the pre-reaction SMILES contains a nitrile (C≡N) in place of the amidine."
3FU,3FU,Addition to nitrile,,True,True,N#Cc1ncnc2[nH]cnc12,True,nitrile,"The amidine group in the product was formed by nucleophilic addition to a nitrile warhead, so the pre-reaction SMILES contains a C#N group."
3VF,3VF,Addition to nitrile,,True,True,C(#N)C(c3c([H])c(Cl)c([H])c(Cl)c3[H])(C([H])([H])[H])C([H])([H])[H],True,nitrile,The nitrile (C#N) warhead underwent nucleophilic addition and hydrolysis to yield the observed ketone (C=O) product.
3VJ,3VJ,Addition to nitrile,,True,True,N#CC([H])([H])N([H])C(=O)C([H])([H])N([H])C(=O)c1ccccc1,True,nitrile,The nitrile (C≡N) warhead underwent nucleophilic addition to form an imine/amidine product as indicated by the [H]/N=C(\[H]) fragment in the post-reaction SMILES.
3Y2,3Y2,Addition to nitrile,,True,True,N#CC([H])([H])N([H])C(=O),True,nitrile,The amidine group in the post-reaction SMILES was converted back to a nitrile by reversing the nucleophilic addition to nitrile reaction.
5T9,5T9,Addition to nitrile,,True,False,[H]/N=C(\[H])C1(N([H])C(=O)[C@@]2([H])N(C(=O)C3(c4nc([H])c(Cl)c([H])c4[H])C([H])([H])N([H])C3([H])[H])C([H])([H])[C@]([H])([S@TB6](O[H])(O[H])c3c([H])c([H])c(OC([H])([H])[H])c([H])c3Cl)C2([H])[H])C([H])([H])C1([H])[H],True,nitrile,The amidine group in the post-reaction SMILES was converted back to the nitrile warhead representing the pre-reaction electrophilic form.
7KH,7KH,Addition to nitrile,,True,False,[H]/N=C(\[H])c1nc(N2C([H])([H])C([H])([H])OC([H])([H])C2([H])[H])nc(N(C([H])([H])c2nc3c([H])c([H])c([H])c([H])n3c2[H])C2([H])C([H])([H])C([H])([H])C([H])([H])C2([H])[H])n1,True,nitrile,"The amidine group in the product corresponds to nucleophilic addition to a nitrile, so the pre-reaction state contains a nitrile (C≡N) in place of the amidine."
GH4,GH4,Addition to nitrile,,True,False,[H]/N=C(/[H])c1nc([H])c(F)c(N(C([H])([H])c2c([H])c([H])c3c(c2[H])OC([H])([H])O3)C([H])([H])C([H])([H])Oc2c([H])c([H])c([H])c([H])c2[H])n1,True,nitrile,The nitrile group underwent nucleophilic addition to form an imine/amidine product.
7AS,7AS,Addition to nitrile,,True,False,[H]/N=C(\[H])C1(N([H])C(=O)[C@@]([H])(N([H])[C@@]([H])(c2c([H])c([H])c(-c3c([H])c([H])c(S(=O)(=O)C([H])([H])[H])c([H])c3[H])c([H])c2[H])C(F)(F)F)C([H])([H])C(F)(C([H])([H])[H])C([H])([H])[H])C([H])([H])C1([H])[H],True,nitrile,The imine group [H]/N=C(\[H]) on the cyclobutane represents the post-reaction product of nucleophilic addition to a nitrile C#N warhead.
TP2,TP2,Disulfide formation,,True,False,[H]SC([H])([H])C([H])([H])N([H])C(=O)[C@]1([H])N(S(=O)(=O)c2c([H])c([H])c(C([H])([H])[H])c([H])c2[H])C([H])([H])C([H])([H])C1([H])[H],,,
221,221,Disulfide formation,,True,True,[H]S-Sc1ccccn1.[H][C@@](N([H])c2c([H])c(C(F)(F)F)c([H])c(C(F)(F)F)c2[H])([C@@]([H])(C#N)C(=O)N([H])[H])S[H],True,pyridyl disulfide,The free thiol on the ligand reacts with an activated pyridyl disulfide electrophile to form a disulfide bond via thiol-disulfide exchange.
20G,20G,Disulfide formation,,True,False,[H]SC([H])([H])C([H])([H])C([H])([H])C(=O)N([H])C1([H])C([H])([H])C([H])([H])N(C(=O)C([H])([H])Oc2c([H])c([H])c(Cl)c([H])c2Cl)C([H])([H])C1([H])[H],False,disulfide,"The molecule contains a free thiol group, not an activated disulfide warhead (e.g., pyridyl disulfide), so it is not a suitable electrophile for disulfide formation with a cysteine."
20H,20H,Disulfide formation,,True,False,[H]SC([H])([H])C([H])([H])N([H])C(=O)C1([H])C([H])([H])C([H])([H])N(C(=O)C([H])([H])Oc2c([H])c([H])c(Cl)c([H])c2Cl)C([H])([H])C1([H])[H],True,thiol,The free thiol (-SH) group is the pre-reaction nucleophilic warhead that can form a disulfide bond with a cysteine residue.
DCD,DCD,Disulfide formation,,True,False,[H]SC(=S)N(C([H])([H])C([H])([H])[H])C([H])([H])C([H])([H])[H],True,dithiocarbamate thiol,"The molecule already contains a free thiol (-SH) on the dithiocarbamate group in the pre-reaction state, ready to undergo disulfide formation without any transformation needed."
VSC,VSC,Michael addition,,True,True,C=CS(=O)(=O)c1ccccc1,True,vinyl sulfone,The phenol oxygen addition product ArO-SO2-CH2CH2- is converted back to the vinyl sulfone electrophile CH2=CH-SO2-Ar.
VS1,VS1,Michael addition,,True,True,C(=CS(=O)(=O)c1ccccc1),True,vinyl sulfone,The ethyl phenylsulfone fragment (-CH2CH2SO2Ph) is the post-Michael addition product of a vinyl sulfone warhead (CH2=CHSO2Ph) reacting with a cysteine thiol nucleophile.
VS2,VS2,Michael addition,,True,True,C([H])([H])S(=O)(=O)/C([H])=C([H])/c2c([H])c([H])c([H])c([H])c2[H],True,vinyl sulfone,"The Michael addition of a cysteine thiol to the vinyl sulfone warhead converted the C=C double bond to a single bond, yielding the saturated -CH2-SO2-CH2-Ph adduct."
VS3,VS3,Michael addition,,True,True,C([H])([H])=C([H])S(=O)(=O)Oc2c([H])c([H])c([N+](=O)[O-])c([H])c2[H],True,vinyl sulfonate,"The vinyl sulfonate warhead underwent Michael addition with a cysteine thiol, converting the vinyl group to a saturated ethyl linker."
VS4,VS4,Michael addition,,True,True,C(=C)S(=O)(=O)ON([H])Cc1ccccc1,True,vinyl sulfone,The -SO2-CH2CH2- fragment indicates a post-Michael addition product where a nucleophile has added across the vinyl sulfone double bond (-SO2-CH=CH2).
MYP,MYP,Michael addition,,True,False,[H]/C(=C(/[H])S(=O)(=O)c1c([H])c([H])c([H])c([H])c1[H])[C@@]([H])(N([H])C(=O)[C@@]([H])(N([H])C(=O)N1C([H])([H])C([H])([H])C([H])(N2C([H])([H])C([H])([H])OC([H])([H])C2([H])[H])C([H])([H])C1([H])[H])C([H])([H])c1c([H])c([H])c([H])c([H])c1[H])C([H])([H])C([H])([H])C([H])([H])[H],True,vinyl sulfone,"The vinyl sulfone warhead (CH=CH-SO2Ph) is intact with the double bond present, representing the pre-reaction Michael acceptor state."
0D6,0D6,Michael addition,,True,True,C(=Cc1ccc(F)cc1)S(=O)(=O)c1ccccc1,True,vinyl sulfone,"The vinyl sulfone warhead underwent Michael addition with a cysteine thiol, converting the C=C double bond to a saturated C-C single bond."
C1P,C1P,Michael addition,,True,True,C=CS(=O)(=O)c1ccccc1,True,vinyl sulfone,The saturated -CH2CH2-S(=O)(=O)Ph fragment indicates the vinyl sulfone double bond was consumed by Michael addition of a nucleophile.
CY6,CY6,Michael addition,,True,False,[H]C(=C(C([H])([H])[H])C([H])([H])[H])C([H])([H])[C@@]([H])(C(=O)N([H])[C@]([H])(/C([H])=C(\[H])C(=O)OC([H])([H])C([H])([H])[H])C([H])([H])[C@@]1([H])C(=O)N([H])C([H])([H])C1([H])[H])C([H])([H])C(=O)[C@@]([H])(N([H])C(=O)c1noc(C([H])([H])[H])c1[H])C([H])(C([H])([H])[H])C([H])([H])[H],False,unknown,The input SMILES could not be clearly parsed to identify a known Michael acceptor warhead or its transformation product.
9IN,9IN,Michael addition,,True,False,[H]/C(C(=O)OC([H])([H])C([H])([H])[H])=C(/[H])[C@@]([H])(N([H])C(=O)[C@@]([H])(N([H])C(=O)[C@@]([H])(N([H])C(=O)[C@@]([H])(N([H])C(=O)c1c([H])oc([H])c1[H])C([H])(C([H])([H])[H])C([H])([H])[H])C([H])(C([H])([H])[H])C([H])([H])[H])C([H])([H])C([H])(C([H])([H])[H])C([H])([H])[H])C([H])([H])[C@@]1([H])C(=O)N([H])C([H])([H])C1([H])[H],True,acrylate,"The molecule already contains an intact α,β-unsaturated ester (acrylate) Michael acceptor warhead with the conjugated alkene present in pre-reaction form."
5H,5H,Michael addition,,True,False,[H]c1c([H])c([H])c(S(=O)(=O)N([H])N2C(=O)[C@@]([H])(C([H])([H])c3c([H])c([H])c(Br)c([H])c3[H])SC2=S)c([H])c1[H],False,rhodanine,"The molecule shows a saturated C5 position consistent with post-Michael addition to a rhodanine scaffold, lacking the exocyclic alkene required for the pre-reaction Michael acceptor form."
5X,5X,Michael addition,,True,True,[H]/C(=C(/C([H])([H])[H])C([H])([H])[C@@]1([H])SC(=S)NC1=O)c1ccccc1,True,Michael acceptor (benzylidene rhodanine),"The exocyclic benzylidene double bond on the rhodanine scaffold is intact, indicating this is the pre-reaction Michael acceptor state before nucleophilic addition."
5EE,5EE,Michael addition,,True,True,N/N=C/c1ccc(S(=O)(=O)N2C(=O)[C@@H](Cc3ccccc3)SC2=S)cc1,False,michael_acceptor,The rhodanine/thiazolidine-2-thione scaffold does not contain a Michael acceptor warhead that would react with a cysteine thiol in a covalent inhibition mechanism.
BCQ,BCQ,Michael addition,,True,True,C([H])([H])S(=O)(=O)C([H])=C2C(=C(C([H])([H])[H])N([H])O[C@@]2([H])C([H])([H])[H]),True,vinyl sulfone,"The cysteine thiol underwent Michael addition to the vinyl sulfone, converting the alpha,beta-unsaturated sulfone into a saturated beta-thioether sulfone adduct."
MQQ,MQQ,Michael addition,,True,True,O=C(CCc1ccccc1)NC(CCS(=O)(=O)c1ccccc1)C(=O)NC(=O)N1CCOCC1,True,vinyl sulfone,The ethylsulfonyl group (-CH2CH2SO2Ph) is consistent with a cysteine thiol having undergone Michael addition to a vinyl sulfone (CH2=CHSO2Ph).
ELI,ELI,Michael addition,,True,False,[H]OC(=O)C([H])([H])C([H])([H])C([H])([H])C([H])([H])C([H])([H])C1=C(C([H])([H])[H])C(=O)c2c([H])c([H])c([H])c([H])c2C1=O,True,naphthoquinone,"The 1,4-naphthoquinone acts as a Michael acceptor where the cysteine thiol adds to the electrophilic C2 or C3 position conjugated with both carbonyls."
RBS,RBS,Michael addition,,True,False,[H]C([H])=C([H])C(=O)N([H])c1c([H])c([H])c2nc([H])nc(N([H])c3c([H])c([H])c([H])c([H])c3[H])c2c1[H],True,acrylamide,The input already contains an intact acrylamide (vinyl-C(=O)-NH) Michael acceptor warhead in its pre-reaction form.
ZU5,ZU5,Michael addition,,True,True,C([H])([H])C([H])([H])C(=O)C2([H])C([H])([H])C2([H])[H],True,cyclopropyl ketone,"The cyclopropyl ketone is a Michael acceptor warhead in its pre-reaction state, capable of undergoing nucleophilic ring-opening addition."
PSY,PSY,Michael addition,,True,False,[H]C([H])=C([H])S(=O)(=O)Oc1c([H])c([H])c([H])c([H])c1[H],True,vinyl sulfonate ester,"The vinyl sulfonate ester is already in its pre-reaction form as a Michael acceptor, with the sulfonyl group activating the vinyl group toward nucleophilic addition."
PVS,PVS,Michael addition,,True,False,[H]C([H])=C([H])S(=O)(=O)c1c([H])c([H])c([H])c([H])c1[H],True,vinyl sulfone,"The input SMILES already contains a vinyl sulfone warhead (CH2=CH-SO2-Ph), which is a classic Michael acceptor electrophile in its pre-reaction state."
HMY,HMY,Michael addition,,True,False,[H]Oc1c([H])c(OC([H])([H])[H])c([H])c2c1C(=O)O[C@@]([H])(C([H])([H])[H])C([H])([H])/C([H])=C(/[H])C(=O)[C@@]([H])(O[H])[C@@]([H])(O[H])C([H])([H])[C@@]1([H])O[C@]21[H],True,enone,"The α,β-unsaturated ketone (enone) warhead is intact with the conjugated C=C-C=O system present, indicating no Michael addition has occurred."
25B,25B,Michael addition,,True,False,[H]c1c([H])c([H])c(S(=O)(=O)C([H])([H])C([H])([H])[C@@]([H])(N([H])C(=O)[C@]2([H])C([H])([H])C([H])([H])C([H])([H])C([H])([H])[C@@]2([H])C(=O)c2c([H])c([H])c(Cl)c([H])c2[H])C([H])([H])C([H])([H])C([H])([H])C([H])([H])[H])c([H])c1[H],True,vinyl sulfone,"The vinyl sulfone warhead underwent Michael addition with a nucleophile, converting the C=C double bond to a single bond C-C linkage."
PX5,PX5,Michael addition,,True,False,[H]OC1(c2nc3c([H])c([H])c([H])c([H])c3s2)C([H])=C([H])C(=O)C([H])=C1[H],False,enone,"The structure already shows an sp3 carbon bearing OH and benzothiazole adjacent to the enone, suggesting a post-addition product, but the enone system remains intact and no clear covalent warhead transformation is confirmed."
VSP,VSP,Michael addition,,True,True,[H]c1nc(N([H])S(=O)(=O)C([H])=C([H])[H])cc([H])c1-c1c([H])c([H])c(N([H])C(=O)c2c([H])c([H])c([H])c([H])c2[H])c([H])c1[H],True,vinylsulfonamide,The ethylsulfonamide group (post-Michael addition product) was converted back to the vinylsulfonamide warhead by removing two hydrogens to restore the vinyl double bond.
I3E,I3E,Michael addition,,True,True,[H]c1c([H])c(C([H])([H])C([H])([H])[H])c([H])c([H])c1C(=O)C([H])=C([H])[H],True,vinyl ketone (enone),The saturated propanoyl chain is the Michael addition product; the pre-reaction form replaces it with a vinyl ketone enone warhead capable of Michael addition.
I1E,I1E,Michael addition,,True,True,O=C(C=C)c1ccccc1,True,vinyl ketone (enone),"The saturated propiophenone is the post-Michael-addition product; restoring the alpha,beta-unsaturation gives the vinyl ketone Michael acceptor."
IAQ,IAQ,Michael addition,,True,True,[H]/C(C(=O)N)=C(/[H])C([H])([H])N(C([H])([H])[H])C([H])([H])[H],True,acrylamide,"The molecule contains an intact alpha,beta-unsaturated amide (acrylamide) warhead that has not yet undergone Michael addition with a cysteine thiol."
PQR,PQR,Michael addition,,True,False,[H]Oc1c([H])c([H])c(N(N=O)C([H])([H])[H])c([H])c1O[H],False,none,The molecule contains an N-nitrosomethylamine on a catechol scaffold with no Michael acceptor warhead or evidence of a post-Michael addition adduct.
W2P,W2P,Michael addition,,True,True,C(=O)C([H])([H])C([H])([H])C([H])([H])N(C([H])([H])[H])C([H])([H])[H],False,acrylamide,"The molecule contains a saturated 3-carbon chain between the carbonyl and dimethylamine with no α,β-unsaturated system indicative of a Michael acceptor warhead."
G74,G74,Michael addition,,True,False,[H]N1C(=O)[C@]([H])(C([H])([H])[C@]([H])(N([H])C(=O)OC(C([H])([H])[H])(C([H])([H])[H])C([H])([H])[H])C([H])([H])C([H])([H])C(=O)OC([H])([H])C([H])([H])[H])C([H])([H])C1([H])[H],True,gamma-lactam Michael acceptor,"The saturated pyrrolidinone in the post-reaction state was formed by Michael addition of a nucleophile to the alpha,beta-unsaturated gamma-lactam, introducing a double bond between C3 and C4 of the ring in the pre-reaction form."
G86,G86,Michael addition,,True,True,C(=C/C(=O)N([H])[C@@]([H])(Cc1ccccc1)C(=O)N([H])[C@@]([H])(CC(=O)O)C(=O)N([H])[C@@]([H])(Cc1ccc(O)cc1)C(=O)O)\[H],True,acrylamide,"The CH2-CH(C=O) pattern in the post-reaction SMILES indicates a Michael addition product where a cysteine thiol added to the beta-carbon of an acrylamide warhead, saturating the alpha,beta-unsaturated amide double bond."
0JH,0JH,Michael addition,,True,True,C(=C(\C#N)\C(=O)OC(C)(C)C)c1c(-c2ccc(C)cc2)c2c(N)nc(F)nc2n1CCCO,True,cyanoacrylate,The CH2-CH(CN)-C(=O)OtBu fragment represents a post-Michael addition adduct where a nucleophile has added across the acrylate double bond of the cyanoacrylate warhead.
K85,K85,Michael addition,,True,True,N/C=C/C(=O)OC(C)C,True,acrylate,The saturated -CH2CH2- linker between the nitrogen and the ester represents the post-Michael addition product of an acrylate warhead.
1FM,1FM,Michael addition,,True,True,O=C1OC(CC(=O)CCCC/C=C/C(=O)[C@@H](O)[C@@H](O)c2c(O)cc(O)cc21)C,False,enone,"The molecule contains an enone warhead but the hydroxyl groups adjacent to the carbonyl are native stereocenters, not the result of a Michael addition by a cysteine thiol."
13L,13L,Michael addition,,True,False,[H]c1nc(N([H])[H])c2c(-c3c([H])c([H])c([H])c(C(=O)N([H])c4c([H])c([H])c(C([H])(C([H])([H])[H])C([H])([H])[H])c([H])c4[H])c3[H])nn([C@@]3([H])C([H])([H])N(C(=O)C([H])([H])C([H])([H])[H])C([H])([H])C([H])([H])C3([H])[H])c2n1,True,acrylamide,"The propanoyl group (saturated) was converted back to the acryloyl group (alpha,beta-unsaturated amide) representing the pre-reaction Michael acceptor warhead."
13J,13J,Michael addition,,True,True,C(=O)C([H])([H])C([H])([H])[H],True,acrylamide,The saturated propanoyl group represents the post-Michael addition product of an acrylamide warhead reacting with a nucleophile such as a cysteine thiol.
1C9,1C9,Michael addition,,True,False,[H]/C(C(=O)N([H])c1c(OC([H])([H])[H])c([H])c2nc([H])nc(N([H])c3c([H])c([H])c(F)c(Cl)c3[H])c2c1[H])=C(/[H])C([H])([H])N1C([H])([H])C([H])([H])C([H])([H])C([H])([H])C1([H])[H],True,acrylamide,"The molecule contains an intact α,β-unsaturated amide (acrylamide) warhead with the conjugated C=C bond unreacted and available as a Michael acceptor."
21C,21C,Michael addition,,True,True,N([H])S(=O)(=O)C([H])=C([H])[H],True,vinyl sulfonamide,"The ethyl sulfonamide group results from Michael addition of an amine nucleophile to a vinyl sulfonamide warhead, so the pre-reaction form contains the vinyl group instead of the saturated ethyl group."
21F,21F,Michael addition,,True,False,[H]c1c(Cl)c(I)c([H])c(N([H])C([H])([H])C(=O)N2C([H])([H])C([H])([H])C([H])(N([H])S(=O)(=O)C([H])([H])C([H])([H])[H])C([H])([H])C2([H])[H])c1OC([H])([H])[H],False,vinyl sulfonamide,"The sulfonamide group contains an ethyl chain (-SO2-CH2-CH3) with no thiol adduct, so no Michael addition has occurred."
21J,21J,Michael addition,,True,True,N([H])S(=O)(=O)C([H])([H])C([H])([H])[H],False,vinyl sulfone,"The input contains a saturated ethylsulfonamide, not a vinyl sulfone warhead, so no Michael addition transformation was identified."
21K,21K,Michael addition,,True,True,N([H])S(=O)(=O)C([H])=C([H])[H],True,vinyl sulfone,The ethyl sulfonamide group in the product corresponds to a vinyl sulfone warhead that underwent Michael addition with a nucleophile across the double bond.
21M,21M,Michael addition,,True,True,O=C(c1ccc(F)cc1)N1CCC(CN([H])S(=O)(=O)C=C)CC1,True,vinyl sulfone,The ethyl sulfonamide group represents the post-Michael addition product of a vinyl sulfone warhead reacting with a nucleophile.
21R,21R,Michael addition,,True,True,N([H])S(=O)(=O)C([H])=C([H])[H],True,vinylsulfonamide,The saturated ethyl sulfonamide chain is converted back to a vinylsulfonamide Michael acceptor by removing two hydrogens to restore the double bond.
21S,21S,Michael addition,,True,True,O=C(CNc1ccc(Cl)cc1)N1CCCCC1,True,acrylamide,The CH2 between NH and carbonyl represents the post-Michael addition product where cysteine thiol added to an acrylamide warhead.
22C,22C,Michael addition,,True,True,O(c1ccc(N2CCN(CC2)C(=O)C=C)cc1Cl)Cl,True,acrylamide,The saturated propanoyl chain on the piperazine nitrogen is interpreted as the post-Michael addition product of an acrylamide warhead reacting with a nucleophile.
NQS,NQS,Michael addition,,True,True,O=C1C=CC(=O)c2ccccc21,True,"1,4-naphthoquinone (Michael acceptor)","The thiol added via Michael addition to the C2=C3 alkene of 1,4-naphthoquinone, converting the alpha,beta-unsaturated carbonyl to a thioether adduct."
REV,REV,Michael addition,,True,True,COc1ccc(/C=C/C)cc1OC,True,Michael acceptor (vinyl/propenyl),"The saturated chiral propyl-phenyl center in the post-reaction state indicates nucleophilic addition to an alpha,beta-unsaturated alkene (propenyl Michael acceptor) in the pre-reaction state."
7NP,7NP,Michael addition,,True,True,[H]c1c([H])c2c(c([H])c1OC([H])([H])[H])C(=O)C(C([H])([H])[H])=CC2,True,enone,"The saturated ketone post-reaction state is converted back to the alpha,beta-unsaturated enone (Michael acceptor) by introducing a double bond between the alpha and beta carbons."
37Q,37Q,Michael addition,,True,False,[H]C([H])=C([H])C(=O)N([H])c1c([H])c([H])c2nc([H])n(-c3nc(N([H])c4c([H])c([H])c([H])c([H])c4[H])c([H])nc3[H])c2c1[H],True,acrylamide,"The input already contains an intact acrylamide (α,β-unsaturated amide) warhead with the vinyl double bond present, which is the correct pre-reaction Michael acceptor electrophile."
L7S,L7S,Michael addition,,True,True,O=C1C=CC(=O)N1C,True,maleimide,The succinimide ring is the post-Michael addition product of a maleimide; restoring the C=C double bond gives the maleimide pre-reaction electrophile.
K76,K76,Michael addition,,True,False,[H]/C(C(=O)N1C([H])([H])C(F)(F)C1([H])[H])=C(/[H])n1nc(-c2c([H])c(C(F)(F)F)c([H])c(C(F)(F)F)c2[H])nc1[H],True,acrylamide,The vinyl C=C double bond of the acrylamide warhead is intact and has not yet undergone Michael addition with a cysteine thiol.
40M,40M,Michael addition,,True,True,C(=O)C=C,True,acrylamide,The propionamide chain represents the post-Michael addition product where a nucleophile has added to the beta-carbon of an acrylamide warhead.
4C9,4C9,Michael addition,,True,True,C(=O)(C(=CC(C)(C)C)C#N),True,cyanoacrylamide,"The cyanoacrylamide warhead underwent Michael addition with a cysteine thiol, converting the alpha,beta-unsaturated system to a saturated beta-carbon adduct."
781,781,Michael addition,,True,True,Oc1ccc2cc(NC(=O)C=C)ccc2c1,True,acrylamide,"The propionamide group is the post-Michael addition product of a cysteine thiol adding to an acrylamide warhead, so the pre-reaction SMILES contains the acrylamide electrophile."
CQ6,CQ6,Michael addition,,True,True,S(=O)(=O)C([H])=C([H])[H],True,vinyl sulfone,The ethylsulfonyl group represents the post-Michael addition product of a vinyl sulfone warhead after nucleophilic addition across the double bond.
CQ3,CQ3,Michael addition,,True,True,[H]c1nc(N([H])C2([H])C([H])([H])C([H])([H])OC([H])([H])C2([H])[H])nc(N([H])c2c([H])c([H])c([H])c([H])c2N([H])C(=O)C([H])=C([H])[H])c1Cl,True,acrylamide,The saturated propanoyl chain (post-Michael addition adduct) was converted back to an acrylamide (vinyl group).
4YU,4YU,Michael addition,,True,True,[H]/C(C(=O)OC([H])([H])[H])=C(/[H])C([H])([H])N([H])C(=O),True,acrylate,"The structure retains the alpha,beta-unsaturated ester double bond with no sulfur adduct present, indicating this is the pre-reaction state."
58E,58E,Michael addition,,True,True,O=C1CC(C#N)=CC2CC(=O)c3ccc(F)cc3[C@@]12[H],True,acrylonitrile,The enol form observed in the post-reaction SMILES corresponds to a beta-cyano enone Michael acceptor that has undergone nucleophilic addition at the beta-carbon.
5.00E+08,5.00E+08,Michael addition,,False,False,,,,
5.00E+09,5.00E+09,Michael addition,,False,False,,,,
5EC,5EC,Michael addition,,True,False,[H]/C(C(=O)OC([H])([H])C([H])([H])[H])=C(\[H])[C@@]([H])(N([H])C(=O)[C@@]([H])(N([H])C(=O)C([H])([H])C([H])(C([H])([H])[H])C([H])([H])[H])C([H])([H])c1c([H])c([H])c([H])c([H])c1[H])C([H])([H])[C@@]1([H])C(=O)N([H])C([H])([H])C1([H])[H],True,acrylate,"The input SMILES already represents a pre-reaction alpha,beta-unsaturated ester (acrylate) Michael acceptor warhead with no transformation applied."
5ED,5ED,Michael addition,,True,False,[H]/C(C(=O)OC([H])([H])C([H])([H])[H])=C(\[H])[C@@]([H])(N([H])C(=O)[C@@]([H])(N([H])C(=O)C(=O)N([H])C([H])([H])C([H])([H])C1([H])C([H])([H])C1([H])[H])C([H])([H])c1c([H])c([H])c([H])c([H])c1[H])C([H])([H])[C@@]1([H])C(=O)N([H])C([H])([H])C1([H])[H],True,"alpha,beta-unsaturated ester","The Michael acceptor double bond (alpha,beta-unsaturated ester) is still intact, indicating the pre-reaction state before nucleophilic addition."
5EX,5EX,Michael addition,,True,False,[H]/C(C(=O)OC([H])([H])C([H])([H])[H])=C(\[H])[C@@]([H])(N([H])C(=O)[C@@]([H])(N([H])C(=O)C(=O)N([H])C([H])([H])C1([H])C([H])([H])C([H])([H])C1([H])[H])C([H])([H])c1c([H])c([H])c([H])c([H])c1[H])C([H])([H])[C@@]1([H])C(=O)N([H])C([H])([H])C1([H])[H],True,"alpha,beta-unsaturated ester (acrylate)","The alkene double bond of the alpha,beta-unsaturated ester warhead is still intact, indicating the Michael addition has not yet occurred."
5F2,5F2,Michael addition,,False,False,,,,
5UT,5UT,Michael addition,,True,False,[H]Oc1c([H])c(Cl)c(C2(C([H])([H])[H])C([H])([H])C2([H])[H])c([H])c1N([H])C([H])([H])C(=O)N1C([H])([H])C([H])([H])N(C2([H])C([H])([H])N(C(=O)C([H])=C([H])[H])C2([H])[H])C([H])([H])C1([H])[H],True,acrylamide,"The acrylamide vinyl group C(=O)CH=CH2 is intact, indicating this is the pre-reaction Michael acceptor electrophile that has not yet undergone Michael addition."
6OY,6OY,Michael addition,,True,False,[H]c1c(C(=O)N([H])[C@]([H])(C(=O)N2C([H])([H])[C@]([H])(c3c([H])c([H])c([H])c([H])c3[H])C([H])([H])[C@@]2([H])C(=O)N([H])[C@]([H])(C([H])([H])C([H])([H])C(=O)OC([H])([H])C([H])([H])[H])C([H])([H])[C@@]2([H])C(=O)N([H])C([H])([H])C2([H])[H])C([H])(C([H])([H])[H])C([H])([H])[H])noc1C([H])([H])[H],False,acrylamide,The structure appears to represent a post-Michael addition state where a cysteine thiol has added across the acrylamide double bond.
XXT,XXT,Michael addition,,True,True,[C@]3([H])OC(=O)C(=C([H])[H])[C@@]3([H]),True,alpha-methylene lactone,"The exocyclic methylene conjugated with the lactone carbonyl is still present, indicating no Michael addition has occurred yet."
80U,80U,Michael addition,,True,False,[H]C([H])=C([H])C(=O)N1C([H])([H])C([H])([H])C([H])([H])[C@@]([H])(n2nc(-c3c([H])c([H])c(OC([H])([H])c4nc([H])c([H])n4C([H])([H])[H])c(Cl)c3[H])c3c(N([H])[H])nc([H])nc32)C1([H])[H],True,acrylamide,"The input SMILES contains an intact acrylamide C=C double bond, representing the pre-reaction electrophilic warhead form before Michael addition."
633,633,Michael addition,,True,True,CC(=O)NCC(=O)NCC(=O)CC,False,acrylamide,"The molecule contains a propionamide group rather than an acrylamide warhead, so no Michael addition transformation is present."
630,630,Michael addition,,True,True,O=C(C=C)N1CC(OC)C(Cc2cc3ncnc(Nc4ccc(F)cc4)c3[nH]2)C1,True,acrylamide,The propanoyl group (C(=O)CH2CH3) appears to be the post-Michael addition product of an acrylamide warhead (C(=O)CH=CH2) after nucleophilic addition.
634,634,Michael addition,,True,True,C(=O)C([H])=C([H])[H],True,acrylamide,The saturated propionamide group is consistent with a cysteine thiol having added across an acrylamide double bond via Michael addition.
63A,63A,Michael addition,,True,True,[H]c1nn(C([H])([H])[H])c(N([H])C([H])([H])[H])c1-c1nc(N2C([H])([H])C([H])(OC([H])([H])[H])C([H])([H])C2([H])C(F)(F)F)ncc1N([H])C(=O)C([H])=C([H])[H],True,acrylamide,The propanoyl group in the input represents the post-Michael addition product of an acrylamide warhead after cysteine thiol addition across the double bond.
E62,E62,Michael addition,,True,False,[H]Oc1c([H])c(N([H])C([H])([H])[H])c([H])c2c1C(=O)O[C@@]([H])(C([H])([H])[H])[C@]([H])(C([H])([H])[H])C([H])([H])C([H])([H])C(=O)[C@@]([H])(O[H])[C@@]([H])(O[H])C([H])([H])/C([H])=C/2[H],True,enone,"The α,β-unsaturated ketone (enone) Michael acceptor warhead is still intact and has not yet reacted with a nucleophile."
NZN,NZN,Michael addition,,True,True,O=C(/C=C/C(=O)N[H])N[H],True,maleamide,The saturated succinamide linker is the post-Michael addition product of a maleamide warhead reacting with a cysteine thiol nucleophile.
6H3,6H3,Michael addition,,True,True,C(=O)C([H])([H])C([H])([H])[H],False,acrylamide,"The SMILES represents a propanamide (saturated ethyl chain), not an acrylamide warhead, so no Michael addition transformation is present."
N42,N42,Michael addition,,True,False,[H]C([H])=C([H])C(=O)N([H])c1c([H])c(N([H])c2c([H])c(-c3c([H])c([H])c([H])c(N([H])C(=O)c4c([H])c([H])c(C(C([H])([H])[H])(C([H])([H])[H])C([H])([H])[H])c([H])c4[H])c3C([H])([H])[H])c([H])n(C([H])([H])[H])c2=O)c([H])c([H])c1C(=O)N1C([H])([H])C([H])([H])OC([H])([H])C1([H])[H],True,acrylamide,"The acrylamide vinyl group is intact in its pre-reaction form, ready for Michael addition with a cysteine thiol."
6HJ,6HJ,Michael addition,,True,False,[H]C([H])=C([H])C(=O)N1C([H])([H])C([H])([H])C([H])([H])[C@@]([H])(n2nc(-c3c([H])n(C([H])([H])[H])c4c([H])c([H])c([H])c([H])c34)c3c(N([H])[H])nc([H])nc32)C1([H])[H],True,acrylamide,"The input already contains an intact acrylamide (α,β-unsaturated amide) warhead capable of Michael addition; no transformation needed."
T92,T92,Michael addition,,True,False,[H]C([H])=C([H])C(=O)Oc1c([H])c([H])c([H])c([H])c1N([H])c1nc(N([H])c2c([H])c([H])c(N3C([H])([H])C([H])([H])N(C([H])([H])[H])C([H])([H])C3([H])[H])c([H])c2[H])nc([H])c1Cl,True,acrylate ester,"The vinyl ester (aryl acrylate) is an α,β-unsaturated carbonyl and serves as a Michael acceptor in its pre-reaction state."
6L4,6L4,Michael addition,,True,False,[H]C([H])=C([H])C(=O)N([H])c1c([H])c([H])c([H])c([H])c1Oc1nc(N([H])c2c([H])nn(C([H])([H])[H])c2[H])nc([H])c1Cl,True,acrylamide,"The input already contains an intact acrylamide (α,β-unsaturated amide) warhead capable of Michael addition, so no transformation is needed."
6TT,6TT,Michael addition,,True,True,C(=O)C([H])=C([H])[H],True,acrylamide,"The propionamide group represents the post-Michael addition product where an acrylamide warhead reacted with a cysteine thiol, saturating the double bond."
79S,79S,Michael addition,,True,True,C([H])([H])(/C(=C\[H])/C#N)C(=O)N(C([H])([H])[H])C([H])([H])[H],True,cyanoacrylamide,"The saturated beta-carbon bearing a CN group indicates the cyanoacrylamide warhead has undergone Michael addition, converting the alpha,beta-unsaturated system to a saturated adduct."
9O5,9O5,Michael addition,,True,True,C([H])=C([H])C(=O)C([H])([H])[H],True,vinyl ketone,"The saturated ketone fragment was converted back to its alpha,beta-unsaturated enone (vinyl ketone) pre-reaction form by restoring the C=C double bond."
9O2,9O2,Michael addition,,True,False,[H]c1c([H])c([H])c(C([H])([H])C([H])([H])N([H])c2nc(-c3c([H])c([H])c([H])c(N([H])C(=O)C([H])([H])C([H])([H])[H])c3[H])nc3c([H])c(N([H])[H])c([H])c([H])c23)c([H])c1[H],True,acrylamide,"The saturated propionamide fragment is the post-Michael addition product of an acrylamide warhead reacting with a cysteine thiol, so the pre-reaction form restores the alpha-beta unsaturated acrylamide."
8.00E+08,8.00E+08,Michael addition,,False,False,,,,
7G8,7G8,Michael addition,,True,True,[H]c1nc(C(=O)N([H])C([H])([H])[H])c([H])c(Oc2c([H])c([H])c(N([H])c3nc([H])c(F)c(N([H])C(=O)C([H])=C([H])[H])c3[H])c([H])c2[H])c1[H],True,acrylamide,The saturated propanoyl group (post-Michael addition product) was converted back to the acrylamide warhead by removing the added CH2 and restoring the alpha-beta unsaturation.
7GB,7GB,Michael addition,,True,True,[H]/C(C(=O)N1CCC[C@@H]1C(=O)N[C@@H](CC2=CC=CC=C2)C(=O)O)=C(/[H])C([H])([H])[H],True,crotonamide,"The input SMILES contains an intact crotonamide alpha,beta-unsaturated amide double bond, indicating the pre-reaction electrophilic warhead has not yet undergone Michael addition."
7H4,7H4,Michael addition,,True,True,N(C(=O)C([H])([H])C([H])([H])[H]),False,acrylamide,"The propanoyl group (3 carbons) does not match the post-Michael addition product of an acrylamide warhead, as the beta carbon would bear a thioether substituent not present here."
7KU,7KU,Michael addition,,True,False,[H]c1nc(N([H])[C@@]2([H])C([H])([H])N(C(=O)C([H])([H])C([H])([H])[H])C([H])([H])C([H])([H])C2([H])[H])c2c([H])c([H])n([H])c2n1,True,acrylamide,"The propanoyl group on the piperidine nitrogen is the post-Michael addition product of an acrylamide warhead reacting with a cysteine thiol, so the pre-reaction SMILES contains the acrylamide double bond."
7KV,7KV,Michael addition,,True,True,C(=O)C=C,True,acrylamide,The saturated propanoyl group is the post-Michael addition product of an acrylamide warhead reacting with a cysteine thiol.
7KX,7KX,Michael addition,,True,True,[H]c1nc(-c2c([H])c([H])c([H])c(N([H])C(=O)C([H])=C([H])[H])c2[H])c2c([H])c([H])n([H])c2n1,True,acrylamide,"The saturated propanoyl chain (post-Michael addition adduct) was converted back to an acrylamide (alpha,beta-unsaturated carbonyl) warhead."
8BP,8BP,Michael addition,,True,False,[H]c1nn(C([H])([H])[H])c([H])c1N([H])c1nc(N2C([H])([H])[C@@]([H])(F)[C@]([H])(N([H])C(=O)C([H])([H])C([H])([H])[H])C2([H])[H])nc2c1nc([H])n2C([H])(C([H])([H])[H])C([H])([H])[H],True,acrylamide,"The pyrrolidine nitrogen acted as nucleophile in a Michael addition to an acrylamide warhead, converting the alpha-beta unsaturated amide to a saturated propionamide."
8BS,8BS,Michael addition,,True,False,[H]c1c(N([H])c2nc(N3C([H])([H])[C@@]([H])(F)[C@]([H])(N([H])C(=O)C([H])([H])C([H])([H])[H])C3([H])[H])nc3c2nc([H])n3C([H])([H])[H])c(OC([H])([H])[H])nn1C([H])([H])[H],True,acrylamide,"The propionamide in the input represents the post-Michael addition product of an acrylamide warhead reacting with a nucleophile, so the pre-reaction SMILES restores the alpha-beta unsaturation."
8YD,8YD,Michael addition,,True,True,C(=O)C=C,True,acrylamide,The propanoyl group represents the saturated post-Michael addition product of an acrylamide warhead after nucleophilic addition.
8ZD,8ZD,Michael addition,,True,False,[H]c1c([H])c([H])c(C([H])([H])N(C(=O)N([H])c2c([H])c([H])c([H])c(C(F)(F)F)c2[H])C2([H])C([H])([H])C([H])([H])N([C@]([H])(C([H])([H])[H])C([H])([H])C([H])([H])C([H])([H])[H])C([H])([H])C2([H])[H])c(N([H])C(=O)C([H])([H])C([H])([H])[H])c1[H],False,none,"The molecule contains no Michael acceptor warhead (e.g., acrylamide, vinyl sulfone) and shows no evidence of a covalent adduct from a Michael addition reaction."
ZYA,ZYA,Nucleophilic substitution,,True,True,C(=O)C([H])([H])F,True,fluoromethyl ketone,"The molecule contains an intact fluoromethyl ketone warhead in the pre-reaction state, ready for nucleophilic substitution with the fluorine as the leaving group."
0I5,0I5,Nucleophilic substitution,,True,False,[H]c1c([H])c([H])c(C([H])([H])C([H])([H])[C@@]([H])(C(=O)C([H])([H])F)N([H])C(=O)[C@@]([H])(N([H])C(=O)N2C([H])([H])C([H])([H])OC([H])([H])C2([H])[H])C([H])([H])C([H])(C([H])([H])[H])C([H])([H])[H])c([H])c1[H],True,fluoromethyl ketone,"The molecule already contains a fluoromethyl ketone warhead (FCH2C=O) which is the pre-reaction electrophile for nucleophilic substitution, so no transformation is needed."
0.00E+00,0.00E+00,Nucleophilic substitution,,False,False,,,,
ZRA,ZRA,Nucleophilic substitution,,True,False,[H]c1c([H])c([H])c(C([H])([H])OC(=O)N([H])[C@]([H])(C(=O)N([H])[C@]([H])(C(=O)C([H])([H])F)C([H])([H])[H])C([H])([H])C([H])([H])C([H])([H])N([H])C([H])(N([H])[H])N([H])[H])c([H])c1[H],True,fluoromethyl ketone,The fluoromethyl ketone warhead is already in its pre-reaction electrophilic state with fluorine as the leaving group for nucleophilic substitution.
BFB,BFB,Nucleophilic substitution,,True,True,CC(=N)OCC,True,imidate ester,"The amine nucleophile attacked the imidate ester carbon, displacing the ethoxy leaving group to form the amidine product."
H7J,H7J,Nucleophilic substitution,,True,False,[H]/C(=C(/[H])C([H])([H])[C@]([H])(C(=O)C([H])([H])[H])n1nnc([C@](N([H])C(=O)c2c([H])c([H])c([H])c([H])c2[H])(C([H])([H])[H])C([H])(C([H])([H])[H])C([H])([H])[H])c1[H])C([H])([H])[H],False,allylic substitution,"The structure lacks a leaving group at the allylic position required for nucleophilic substitution, making the reaction incompatible."
TQ8,TQ8,Nucleophilic substitution,,True,False,[H]c1c([H])c([H])c(C([H])([H])[C@@]([H])(C(=O)C([H])([H])Cl)N([H])S(=O)(=O)c2c([H])c([H])c(C([H])([H])[H])c([H])c2[H])c([H])c1[H],True,chloromethyl ketone,"The chloromethyl ketone (-C(=O)CH2Cl) is already in the pre-reaction state with the chlorine leaving group intact, ready for nucleophilic substitution."
XVE,XVE,Nucleophilic substitution,,True,False,[H]c1c([H])c([H])c(C([H])([H])OC(=O)N([H])[C@]([H])(C(=O)C([H])([H])Cl)C([H])([H])c2c([H])c([H])c([H])c([H])c2[H])c([H])c1[H],True,chloromethyl ketone,The chloromethyl ketone warhead (-COCH2Cl) is intact in the pre-reaction state with chlorine still present as the leaving group.
GW9,GW9,Nucleophilic substitution,,True,True,O=C(Nc1ccccc1)c1ccc([N+](=O)[O-])cc1Cl,True,chloro-nitroarene,"The chlorine on the nitro-activated aromatic ring is still present as the SNAr leaving group, indicating the pre-reaction state."
YFF,YFF,Nucleophilic substitution,,True,True,ClCN=C(N)N,False,chloromethyl,"The input text is ambiguous and self-contradictory, making it impossible to reliably determine the pre-reaction SMILES or confirm a valid transformation."
HM3,HM3,Nucleophilic substitution,,True,False,[H]OC([H])([H])c1nc([H])c([H])c(Cl)c1[H],False,benzyl alcohol,The chlorine on the pyridine ring is still present and the hydroxymethyl group does not indicate a completed nucleophilic substitution reaction on this substrate.
2F3,2F3,Nucleophilic substitution,,True,False,[H]OC(=O)c1c(-c2c([H])c([H])c([H])n([H])c2=O)c2c([H])c(C([H])([H])[H])c(F)c([H])c2n1C([H])([H])c1c(Cl)nc2c([H])c([H])c([H])c([H])c2c1[H],True,alkyl chloride,"The nitrogen of the indole-like scaffold is alkylated via a CH2 linker to the chloroquinoline, consistent with a nucleophilic substitution post-reaction state."
PYD,PYD,Nucleophilic substitution,,True,True,[H]c1nc(C([H])([H])[H])nc(Cl)c1C([H])([H])[H],True,chloropyrimidine,"The amino group on the pyrimidine is the SNAr product of a nucleophile displacing a chloride leaving group, so the pre-reaction state has Cl instead of NH2."
5KW,5KW,Nucleophilic substitution,,True,True,[H]c1nc(N([H])c2c([H])c([H])c(N3C([H])([H])C([H])([H])N(C([H])([H])[H])C([H])([H])C3([H])[H])c([H])c2[H])c([H])c(NC(=O)C([H])([H])Cl)c1[H],True,chloroacetamide,"The chloroacetamide warhead is intact with Cl still present on the CH2, representing the pre-reaction electrophilic form ready for nucleophilic substitution."
6P8,6P8,Nucleophilic substitution,,True,False,[H]c1nc(N([H])c2c([H])c([H])c([H])c([H])c2[H])c2c([H])c([H])c(N([H])C(=O)C([H])([H])[H])c([H])c2n1,False,acetamide,"The acetamide group lacks a leaving group such as a halide, so it cannot undergo nucleophilic substitution as a covalent warhead."
7O3,7O3,Nucleophilic substitution,,True,False,[H]Oc1c([H])c([H])c(Cl)c(N([H])c2nc([H])nc3c([H])c(N([H])C(=O)C([H])([H])Cl)c([H])c([H])c23)c1[H],True,chloroacetamide,"The chloroacetamide (-C(=O)-CH2Cl) is already the pre-reaction electrophilic warhead capable of nucleophilic substitution (SN2) with a cysteine thiol, so no transformation is needed."
8FQ,8FQ,Nucleophilic substitution,,True,True,[H]/N=C(\N([H])C([H])([H])F),True,fluoromethyl amidine,The CH2F group is intact as the pre-reaction electrophilic warhead ready for SN2 nucleophilic substitution with fluoride as the leaving group.
8YA,8YA,Ring opening (aziridine),,True,True,N1(C(=O)C2CN2)CCN(CC1)C(=O)c1ccccc1,True,aziridine,"The aziridine ring was opened by a nucleophile, converting the strained 3-membered ring into a linear ethylamine chain."
C48,C48,Ring opening (epoxide),,True,False,[H]c1nc(C([H])([H])C([H])([H])N([H])C(=O)C([H])([H])C(=O)C(=O)N([H])[C@]([H])(C(=O)N(C([H])([H])[H])C([H])([H])[H])C([H])([H])c2c([H])c([H])c([H])c([H])c2[H])c([H])c([H])c1[H],False,epoxide,The input SMILES does not contain an epoxide warhead or clear post-epoxide-opening adduct; no transformation could be identified.
R99,R99,Ring opening (epoxide),,True,True,OC(=O)C[C@@H]1OC1C(=O)N,True,epoxide,The beta-hydroxy amide fragment was converted back to an epoxide by replacing the hydroxyl group with an epoxide ring between the adjacent carbons.
RL2,RL2,Ring opening (epoxide),,True,False,[H]OC(=O)C([H])([H])[C@]([H])(O[H])C(=O)N([H])[C@]([H])(C(=O)N([H])C([H])([H])C([H])([H])C([H])(C([H])([H])[H])C([H])([H])[H])C([H])([H])C([H])([H])c1c([H])c([H])c([H])c([H])c1[H],True,epoxide,"The beta-hydroxy amide pattern in the input indicates an epoxide ring was opened between the CH2 and the adjacent carbon, giving the observed vicinal diol-like product."
M60,M60,Ring opening (epoxide),,True,True,C([H])([H])[C@@H]1OC1C(=O)N,True,epoxide,"The beta-hydroxy carbonyl motif in the product corresponds to an alpha,beta-epoxy carbonyl (epoxide warhead) in the pre-reaction state that was opened by nucleophilic attack."
77B,77B,Ring opening (epoxide),,True,True,N([H])C(=O)[C@@]3([H])O[C@]3([H])C(=O),True,epoxide,The molecule contains an intact epoxide ring and has not undergone ring opening.
WR1,WR1,Ring opening (epoxide),,True,True,O=CC1CO1,True,epoxide,The beta-hydroxy ketone fragment indicates the epoxide warhead has been opened by a nucleophile during the reaction.
E6D,E6D,Ring opening (epoxide),,True,False,[H]O[C@]([H])(C(=O)N([H])[C@]([H])(C(=O)N([H])C([H])([H])C([H])([H])C([H])(C([H])([H])[H])C([H])([H])[H])C([H])([H])C([H])(C([H])([H])[H])C([H])([H])[H])C([H])([H])C(=O)OC([H])([H])C([H])([H])[H],True,epoxide,"The beta-hydroxy ester in the post-reaction product indicates the epoxide ring was opened by a nucleophile, so the pre-reaction form contains an epoxide between the chiral carbon and the adjacent CH2 next to the ester."
